categoria,producto,descripcion,potencia,medida,voltaje,temperatura,notas,imagen_url,categoria_general,color,marca
Alambres Y Cables,Alambre de Cobre Aislado THHN/THWN-2 No 14 AWG,"Alambre de cobre sólido calibre 14 AWG con aislamiento de PVC para 90 °C y chaqueta de nailon. Es el conductor de toda la vida para circuitos de iluminación y tomas en obra residencial y comercial: entra fácil por la tubería y no se maltrata al halarlo. Área 2,08 mm², diámetro 2,69 mm. Soporta 25 A a 90 °C, aunque para el cálculo de diseño el RETIE y la NTC 2050 recomiendan tomar 15 A. Aguanta humedad, calor, roce, químicos, aceite y gasolina, y no propaga la llama. Va en ducto y canalización, en sitio seco o húmedo. Cumple NTC 1332, UL 83, ASTM B8/B787/B902 y RETIE.",,14 AWG,600 V,90 °C,Conductor sólido. Certificado RETIE.,https://interelectricas.com.co/741-home_default/alambre-de-cobre-aislado-thhn-no-14-amarillo-metro.jpg,Cables y Alambres,"Negro, Blanco, Rojo, Azul, Verde, Amarillo","Procables, Centelsa"
Alambres Y Cables,Alambre de Cobre Aislado THHN/THWN-2 No 12 AWG,"Alambre de cobre sólido calibre 12 AWG con aislamiento de PVC para 90 °C y chaqueta de nailon. Es el conductor de toda la vida para circuitos de iluminación y tomas en obra residencial y comercial: entra fácil por la tubería y no se maltrata al halarlo. Área 3,31 mm², diámetro 3,11 mm. Soporta 30 A a 90 °C, aunque para el cálculo de diseño el RETIE y la NTC 2050 recomiendan tomar 20 A. Aguanta humedad, calor, roce, químicos, aceite y gasolina, y no propaga la llama. Va en ducto y canalización, en sitio seco o húmedo. Cumple NTC 1332, UL 83, ASTM B8/B787/B902 y RETIE.",,12 AWG,600 V,90 °C,Conductor sólido. Certificado RETIE.,https://interelectricas.com.co/27623-home_default/alambre-de-cobre-aislado-thhn-no-12-amarillo-metro.jpg,Cables y Alambres,"Negro, Blanco, Rojo, Azul, Verde, Amarillo","Procables, Centelsa"
Alambres Y Cables,Alambre de Cobre Aislado THHN/THWN-2 No 10 AWG,"Alambre de cobre sólido calibre 10 AWG con aislamiento de PVC para 90 °C y chaqueta de nailon. Es el conductor de toda la vida para circuitos de iluminación y tomas en obra residencial y comercial: entra fácil por la tubería y no se maltrata al halarlo. Área 5,26 mm², diámetro 3,91 mm. Soporta 40 A a 90 °C, aunque para el cálculo de diseño el RETIE y la NTC 2050 recomiendan tomar 30 A. Aguanta humedad, calor, roce, químicos, aceite y gasolina, y no propaga la llama. Va en ducto y canalización, en sitio seco o húmedo. Cumple NTC 1332, UL 83, ASTM B8/B787/B902 y RETIE.",,10 AWG,600 V,90 °C,Conductor sólido. Certificado RETIE.,https://interelectricas.com.co/27617-home_default/alambre-de-cobre-aislado-thhn-no-10-amarillo-metro.jpg,Cables y Alambres,"Negro, Blanco, Rojo, Azul, Verde, Amarillo","Procables, Centelsa"
Alambres Y Cables,Alambre de Cobre Aislado THHN/THWN-2 No 8 AWG,"Alambre de cobre sólido calibre 8 AWG con aislamiento de PVC para 90 °C y chaqueta de nailon. Es el conductor de toda la vida para circuitos de iluminación y tomas en obra residencial y comercial: entra fácil por la tubería y no se maltrata al halarlo. Área 8,37 mm², diámetro 5,50 mm. Soporta 55 A a 90 °C, aunque para el cálculo de diseño el RETIE y la NTC 2050 recomiendan tomar 40 A. Aguanta humedad, calor, roce, químicos, aceite y gasolina, y no propaga la llama. Va en ducto y canalización, en sitio seco o húmedo. Cumple NTC 1332, UL 83, ASTM B8/B787/B902 y RETIE.",,8 AWG,600 V,90 °C,Conductor sólido. Certificado RETIE.,https://interelectricas.com.co/27627-home_default/alambre-de-cobre-aislado-thhn-no-8-amarillo-metro.jpg,Cables y Alambres,"Negro, Blanco, Rojo, Azul, Verde, Amarillo","Procables, Centelsa"
Alambres Y Cables,Cable de Cobre Aislado THHN/THWN-2 No 14 AWG (7 hilos),"Cable de cobre de 7 hilos calibre 14 AWG, aislado en PVC 90 °C con chaqueta de nailon. Al ser cableado y no sólido, se dobla mucho mejor que el alambre: es el que se usa cuando el calibre ya no perdona curvas. Área 2,08 mm², diámetro 2,90 mm. Conduce 25 A a 90 °C, y 15 A si se dimensiona según el criterio del RETIE y la NTC 2050. Sirve para acometidas, alimentadores y circuitos ramales, y va montado en bandeja portacable (CT), ducto o canalización, en seco o en mojado. Resiste aceite, gasolina, humedad y abrasión, y es retardante a la llama. Cumple NTC 1332, UL 83, ASTM B8/B787/B902 y RETIE.",,14 AWG,600 V,90 °C,Conductor cableado 7 hilos.,,Cables y Alambres,"Negro, Blanco, Rojo, Azul, Verde, Amarillo","Procables, Centelsa"
Alambres Y Cables,Cable de Cobre Aislado THHN/THWN-2 No 12 AWG (7 hilos),"Cable de cobre de 7 hilos calibre 12 AWG, aislado en PVC 90 °C con chaqueta de nailon. Al ser cableado y no sólido, se dobla mucho mejor que el alambre: es el que se usa cuando el calibre ya no perdona curvas. Área 3,31 mm², diámetro 3,38 mm. Conduce 30 A a 90 °C, y 20 A si se dimensiona según el criterio del RETIE y la NTC 2050. Sirve para acometidas, alimentadores y circuitos ramales, y va montado en bandeja portacable (CT), ducto o canalización, en seco o en mojado. Resiste aceite, gasolina, humedad y abrasión, y es retardante a la llama. Cumple NTC 1332, UL 83, ASTM B8/B787/B902 y RETIE.",,12 AWG,600 V,90 °C,Conductor cableado 7 hilos.,,Cables y Alambres,"Negro, Blanco, Rojo, Azul, Verde, Amarillo","Procables, Centelsa"
Alambres Y Cables,Cable de Cobre Aislado THHN/THWN-2 No 10 AWG (7 hilos),"Cable de cobre de 7 hilos calibre 10 AWG, aislado en PVC 90 °C con chaqueta de nailon. Al ser cableado y no sólido, se dobla mucho mejor que el alambre: es el que se usa cuando el calibre ya no perdona curvas. Área 5,26 mm², diámetro 4,26 mm. Conduce 40 A a 90 °C, y 30 A si se dimensiona según el criterio del RETIE y la NTC 2050. Sirve para acometidas, alimentadores y circuitos ramales, y va montado en bandeja portacable (CT), ducto o canalización, en seco o en mojado. Resiste aceite, gasolina, humedad y abrasión, y es retardante a la llama. Cumple NTC 1332, UL 83, ASTM B8/B787/B902 y RETIE.",,10 AWG,600 V,90 °C,Conductor cableado 7 hilos.,https://interelectricas.com.co/388-home_default/cable-de-cobre-aislado-thhn-no-10-metro-color-negro.jpg,Cables y Alambres,"Negro, Blanco, Rojo, Azul, Verde, Amarillo","Procables, Centelsa"
Alambres Y Cables,Cable de Cobre Aislado THHN/THWN-2 No 8 AWG (7 hilos),"Cable de cobre de 7 hilos calibre 8 AWG, aislado en PVC 90 °C con chaqueta de nailon. Al ser cableado y no sólido, se dobla mucho mejor que el alambre: es el que se usa cuando el calibre ya no perdona curvas. Área 8,37 mm², diámetro 5,50 mm. Conduce 55 A a 90 °C, y 40 A si se dimensiona según el criterio del RETIE y la NTC 2050. Sirve para acometidas, alimentadores y circuitos ramales, y va montado en bandeja portacable (CT), ducto o canalización, en seco o en mojado. Resiste aceite, gasolina, humedad y abrasión, y es retardante a la llama. Cumple NTC 1332, UL 83, ASTM B8/B787/B902 y RETIE.",,8 AWG,600 V,90 °C,Conductor cableado 7 hilos.,https://interelectricas.com.co/41477-home_default/cable-de-cobre-aislado-no-8-awg-metro-thhn-color-negro.jpg,Cables y Alambres,"Negro, Blanco, Rojo, Azul, Verde, Amarillo","Procables, Centelsa"
Alambres Y Cables,Cable de Cobre Aislado THHN/THWN-2 No 6 AWG (7 hilos),"Cable de cobre de 7 hilos calibre 6 AWG, aislado en PVC 90 °C con chaqueta de nailon. Al ser cableado y no sólido, se dobla mucho mejor que el alambre: es el que se usa cuando el calibre ya no perdona curvas. Área 13,3 mm², diámetro 6,41 mm. Conduce 75 A a 90 °C, y 55 A si se dimensiona según el criterio del RETIE y la NTC 2050. Sirve para acometidas, alimentadores y circuitos ramales, y va montado en bandeja portacable (CT), ducto o canalización, en seco o en mojado. Resiste aceite, gasolina, humedad y abrasión, y es retardante a la llama. Cumple NTC 1332, UL 83, ASTM B8/B787/B902 y RETIE.",,6 AWG,600 V,90 °C,Conductor cableado 7 hilos.,https://interelectricas.com.co/41487-home_default/cable-de-cobre-aislado-no-6-awg-metro-thhn-color-negro.jpg,Cables y Alambres,"Negro, Blanco, Rojo, Azul, Verde, Amarillo","Procables, Centelsa"
Alambres Y Cables,Cable de Cobre Aislado THHN/THWN-2 No 4 AWG (7 hilos),"Cable de cobre de 7 hilos calibre 4 AWG, aislado en PVC 90 °C con chaqueta de nailon. Al ser cableado y no sólido, se dobla mucho mejor que el alambre: es el que se usa cuando el calibre ya no perdona curvas. Área 21,1 mm², diámetro 8,18 mm. Conduce 95 A a 90 °C, y 70 A si se dimensiona según el criterio del RETIE y la NTC 2050. Sirve para acometidas, alimentadores y circuitos ramales, y va montado en bandeja portacable (CT), ducto o canalización, en seco o en mojado. Resiste aceite, gasolina, humedad y abrasión, y es retardante a la llama. Cumple NTC 1332, UL 83, ASTM B8/B787/B902 y RETIE.",,4 AWG,600 V,90 °C,Conductor cableado 7 hilos.,https://interelectricas.com.co/41488-home_default/cable-de-cobre-aislado-no-4-awg-metro-thhn-color-negro.jpg,Cables y Alambres,"Negro, Blanco, Rojo, Azul, Verde, Amarillo","Procables, Centelsa"
Alambres Y Cables,Cable de Cobre Aislado THHN/THWN-2 No 2 AWG (7 hilos),"Cable de cobre de 7 hilos calibre 2 AWG, aislado en PVC 90 °C con chaqueta de nailon. Al ser cableado y no sólido, se dobla mucho mejor que el alambre: es el que se usa cuando el calibre ya no perdona curvas. Área 33,6 mm², diámetro 9,65 mm. Conduce 130 A a 90 °C, y 95 A si se dimensiona según el criterio del RETIE y la NTC 2050. Sirve para acometidas, alimentadores y circuitos ramales, y va montado en bandeja portacable (CT), ducto o canalización, en seco o en mojado. Resiste aceite, gasolina, humedad y abrasión, y es retardante a la llama. Cumple NTC 1332, UL 83, ASTM B8/B787/B902 y RETIE.",,2 AWG,600 V,90 °C,Conductor cableado 7 hilos.,https://interelectricas.com.co/41489-home_default/cable-de-cobre-aislado-no-2-metro-thhn-color-negro-.jpg,Cables y Alambres,"Negro, Blanco, Rojo, Azul, Verde, Amarillo","Procables, Centelsa"
Alambres Y Cables,Cable de Cobre Aislado THHN/THWN-2 No 1 AWG (19 hilos),"Cable de cobre de 19 hilos calibre 1 AWG, aislado en PVC 90 °C con chaqueta de nailon. Al ser cableado y no sólido, se dobla mucho mejor que el alambre: es el que se usa cuando el calibre ya no perdona curvas. Área 42,4 mm², diámetro 11,20 mm. Conduce 150 A a 90 °C, y 130 A si se dimensiona según el criterio del RETIE y la NTC 2050. Sirve para acometidas, alimentadores y circuitos ramales, y va montado en bandeja portacable (CT), ducto o canalización, en seco o en mojado. Resiste aceite, gasolina, humedad y abrasión, y es retardante a la llama. Cumple NTC 1332, UL 83, ASTM B8/B787/B902 y RETIE.",,1 AWG,600 V,90 °C,Conductor cableado 19 hilos.,,Cables y Alambres,"Negro, Blanco, Rojo, Azul, Verde, Amarillo","Procables, Centelsa"
Alambres Y Cables,Cable de Cobre Aislado THHN/THWN-2 No 1/0 AWG (19 hilos),"Cable de cobre de 19 hilos calibre 1/0 AWG, aislado en PVC 90 °C con chaqueta de nailon. Al ser cableado y no sólido, se dobla mucho mejor que el alambre: es el que se usa cuando el calibre ya no perdona curvas. Área 53,5 mm², diámetro 12,20 mm. Conduce 170 A a 90 °C, y 150 A si se dimensiona según el criterio del RETIE y la NTC 2050. Sirve para acometidas, alimentadores y circuitos ramales, y va montado en bandeja portacable (CT), ducto o canalización, en seco o en mojado. Resiste aceite, gasolina, humedad y abrasión, y es retardante a la llama. Cumple NTC 1332, UL 83, ASTM B8/B787/B902 y RETIE.",,1/0 AWG,600 V,90 °C,Conductor cableado 19 hilos.,,Cables y Alambres,"Negro, Blanco, Rojo, Azul, Verde, Amarillo","Procables, Centelsa"
Alambres Y Cables,Cable de Cobre Aislado THHN/THWN-2 No 2/0 AWG (19 hilos),"Cable de cobre de 19 hilos calibre 2/0 AWG, aislado en PVC 90 °C con chaqueta de nailon. Al ser cableado y no sólido, se dobla mucho mejor que el alambre: es el que se usa cuando el calibre ya no perdona curvas. Área 67,4 mm², diámetro 13,30 mm. Conduce 195 A a 90 °C, y 175 A si se dimensiona según el criterio del RETIE y la NTC 2050. Sirve para acometidas, alimentadores y circuitos ramales, y va montado en bandeja portacable (CT), ducto o canalización, en seco o en mojado. Resiste aceite, gasolina, humedad y abrasión, y es retardante a la llama. Cumple NTC 1332, UL 83, ASTM B8/B787/B902 y RETIE.",,2/0 AWG,600 V,90 °C,Conductor cableado 19 hilos.,,Cables y Alambres,"Negro, Blanco, Rojo, Azul, Verde, Amarillo","Procables, Centelsa"
Alambres Y Cables,Cable de Cobre Aislado THHN/THWN-2 No 3/0 AWG (19 hilos),"Cable de cobre de 19 hilos calibre 3/0 AWG, aislado en PVC 90 °C con chaqueta de nailon. Al ser cableado y no sólido, se dobla mucho mejor que el alambre: es el que se usa cuando el calibre ya no perdona curvas. Área 85,0 mm², diámetro 14,60 mm. Conduce 225 A a 90 °C, y 200 A si se dimensiona según el criterio del RETIE y la NTC 2050. Sirve para acometidas, alimentadores y circuitos ramales, y va montado en bandeja portacable (CT), ducto o canalización, en seco o en mojado. Resiste aceite, gasolina, humedad y abrasión, y es retardante a la llama. Cumple NTC 1332, UL 83, ASTM B8/B787/B902 y RETIE.",,3/0 AWG,600 V,90 °C,Conductor cableado 19 hilos.,,Cables y Alambres,"Negro, Blanco, Rojo, Azul, Verde, Amarillo","Procables, Centelsa"
Alambres Y Cables,Cable de Cobre Aislado THHN/THWN-2 No 4/0 AWG (19 hilos),"Cable de cobre de 19 hilos calibre 4/0 AWG, aislado en PVC 90 °C con chaqueta de nailon. Al ser cableado y no sólido, se dobla mucho mejor que el alambre: es el que se usa cuando el calibre ya no perdona curvas. Área 107 mm², diámetro 16,00 mm. Conduce 260 A a 90 °C, y 230 A si se dimensiona según el criterio del RETIE y la NTC 2050. Sirve para acometidas, alimentadores y circuitos ramales, y va montado en bandeja portacable (CT), ducto o canalización, en seco o en mojado. Resiste aceite, gasolina, humedad y abrasión, y es retardante a la llama. Cumple NTC 1332, UL 83, ASTM B8/B787/B902 y RETIE.",,4/0 AWG,600 V,90 °C,Conductor cableado 19 hilos.,,Cables y Alambres,"Negro, Blanco, Rojo, Azul, Verde, Amarillo","Procables, Centelsa"
Alambres Y Cables,Cable de Cobre Aislado THHN/THWN-2 No 250 kcmil (37 hilos),"Cable de cobre de 37 hilos calibre 250 kcmil, aislado en PVC 90 °C con chaqueta de nailon. Al ser cableado y no sólido, se dobla mucho mejor que el alambre: es el que se usa cuando el calibre ya no perdona curvas. Área 126,7 mm², diámetro 17,80 mm. Conduce 290 A a 90 °C, y 255 A si se dimensiona según el criterio del RETIE y la NTC 2050. Sirve para acometidas, alimentadores y circuitos ramales, y va montado en bandeja portacable (CT), ducto o canalización, en seco o en mojado. Resiste aceite, gasolina, humedad y abrasión, y es retardante a la llama. Cumple NTC 1332, UL 83, ASTM B8/B787/B902 y RETIE.",,250 kcmil,600 V,90 °C,Conductor cableado 37 hilos.,,Cables y Alambres,"Negro, Blanco, Rojo, Azul, Verde, Amarillo","Procables, Centelsa"
Alambres Y Cables,Cable de Cobre Aislado THHN/THWN-2 No 300 kcmil (37 hilos),"Cable de cobre de 37 hilos calibre 300 kcmil, aislado en PVC 90 °C con chaqueta de nailon. Al ser cableado y no sólido, se dobla mucho mejor que el alambre: es el que se usa cuando el calibre ya no perdona curvas. Área 152,0 mm², diámetro 19,10 mm. Conduce 320 A a 90 °C, y 285 A si se dimensiona según el criterio del RETIE y la NTC 2050. Sirve para acometidas, alimentadores y circuitos ramales, y va montado en bandeja portacable (CT), ducto o canalización, en seco o en mojado. Resiste aceite, gasolina, humedad y abrasión, y es retardante a la llama. Cumple NTC 1332, UL 83, ASTM B8/B787/B902 y RETIE.",,300 kcmil,600 V,90 °C,Conductor cableado 37 hilos.,,Cables y Alambres,"Negro, Blanco, Rojo, Azul, Verde, Amarillo","Procables, Centelsa"
Alambres Y Cables,Cable de Cobre Aislado THHN/THWN-2 No 350 kcmil (37 hilos),"Cable de cobre de 37 hilos calibre 350 kcmil, aislado en PVC 90 °C con chaqueta de nailon. Al ser cableado y no sólido, se dobla mucho mejor que el alambre: es el que se usa cuando el calibre ya no perdona curvas. Área 177,3 mm², diámetro 20,40 mm. Conduce 350 A a 90 °C, y 310 A si se dimensiona según el criterio del RETIE y la NTC 2050. Sirve para acometidas, alimentadores y circuitos ramales, y va montado en bandeja portacable (CT), ducto o canalización, en seco o en mojado. Resiste aceite, gasolina, humedad y abrasión, y es retardante a la llama. Cumple NTC 1332, UL 83, ASTM B8/B787/B902 y RETIE.",,350 kcmil,600 V,90 °C,Conductor cableado 37 hilos.,,Cables y Alambres,"Negro, Blanco, Rojo, Azul, Verde, Amarillo","Procables, Centelsa"
Alambres Y Cables,Cable de Cobre Aislado THHN/THWN-2 No 400 kcmil (37 hilos),"Cable de cobre de 37 hilos calibre 400 kcmil, aislado en PVC 90 °C con chaqueta de nailon. Al ser cableado y no sólido, se dobla mucho mejor que el alambre: es el que se usa cuando el calibre ya no perdona curvas. Área 202,7 mm², diámetro 21,50 mm. Conduce 380 A a 90 °C, y 335 A si se dimensiona según el criterio del RETIE y la NTC 2050. Sirve para acometidas, alimentadores y circuitos ramales, y va montado en bandeja portacable (CT), ducto o canalización, en seco o en mojado. Resiste aceite, gasolina, humedad y abrasión, y es retardante a la llama. Cumple NTC 1332, UL 83, ASTM B8/B787/B902 y RETIE.",,400 kcmil,600 V,90 °C,Conductor cableado 37 hilos.,,Cables y Alambres,"Negro, Blanco, Rojo, Azul, Verde, Amarillo","Procables, Centelsa"
Alambres Y Cables,Cable de Cobre Aislado THHN/THWN-2 No 500 kcmil (37 hilos),"Cable de cobre de 37 hilos calibre 500 kcmil, aislado en PVC 90 °C con chaqueta de nailon. Al ser cableado y no sólido, se dobla mucho mejor que el alambre: es el que se usa cuando el calibre ya no perdona curvas. Área 253,4 mm², diámetro 23,70 mm. Conduce 430 A a 90 °C, y 380 A si se dimensiona según el criterio del RETIE y la NTC 2050. Sirve para acometidas, alimentadores y circuitos ramales, y va montado en bandeja portacable (CT), ducto o canalización, en seco o en mojado. Resiste aceite, gasolina, humedad y abrasión, y es retardante a la llama. Cumple NTC 1332, UL 83, ASTM B8/B787/B902 y RETIE.",,500 kcmil,600 V,90 °C,Conductor cableado 37 hilos.,,Cables y Alambres,"Negro, Blanco, Rojo, Azul, Verde, Amarillo","Procables, Centelsa"
Alambres Y Cables,Cable de Cobre Libre de Halógenos No 14 AWG (HFFR-LS),"Cable de cobre de 7 hilos calibre 14 AWG con aislamiento libre de halógenos (HFFR-LS). La diferencia con un cable común es lo que pasa en un incendio: este no suelta gases ácidos ni corrosivos y genera muy poco humo, así la gente alcanza a evacuar y ve por dónde salir. Área 2,08 mm², diámetro 1,85 mm. Conduce 20 A a 75 °C (15 A por criterio RETIE/NTC 2050). El RETIE lo exige donde se junta mucha gente: salones comunales, centros comerciales, rutas de evacuación de edificios altos, túneles, teatros y estaciones de transporte masivo. Apto para bandeja portacable (CT). Cumple NTC 6182 y RETIE.",,14 AWG,600 V,75 °C,"Libre de halógenos (ZH), baja emisión de humos (LS). Apto para bandejas portacables (CT).",,Cables y Alambres,"Negro, Blanco, Rojo, Azul, Verde, Amarillo","Procables, Centelsa"
Alambres Y Cables,Cable de Cobre Libre de Halógenos No 12 AWG (HFFR-LS),"Cable de cobre de 7 hilos calibre 12 AWG con aislamiento libre de halógenos (HFFR-LS). La diferencia con un cable común es lo que pasa en un incendio: este no suelta gases ácidos ni corrosivos y genera muy poco humo, así la gente alcanza a evacuar y ve por dónde salir. Área 3,31 mm², diámetro 3,93 mm. Conduce 25 A a 75 °C (20 A por criterio RETIE/NTC 2050). El RETIE lo exige donde se junta mucha gente: salones comunales, centros comerciales, rutas de evacuación de edificios altos, túneles, teatros y estaciones de transporte masivo. Apto para bandeja portacable (CT). Cumple NTC 6182 y RETIE.",,12 AWG,600 V,75 °C,"Libre de halógenos (ZH), baja emisión de humos (LS). Apto para bandejas portacables (CT).",,Cables y Alambres,"Negro, Blanco, Rojo, Azul, Verde, Amarillo","Procables, Centelsa"
Alambres Y Cables,Cable de Cobre Libre de Halógenos No 10 AWG (HFFR-LS),"Cable de cobre de 7 hilos calibre 10 AWG con aislamiento libre de halógenos (HFFR-LS). La diferencia con un cable común es lo que pasa en un incendio: este no suelta gases ácidos ni corrosivos y genera muy poco humo, así la gente alcanza a evacuar y ve por dónde salir. Área 5,26 mm², diámetro 4,53 mm. Conduce 35 A a 75 °C (30 A por criterio RETIE/NTC 2050). El RETIE lo exige donde se junta mucha gente: salones comunales, centros comerciales, rutas de evacuación de edificios altos, túneles, teatros y estaciones de transporte masivo. Apto para bandeja portacable (CT). Cumple NTC 6182 y RETIE.",,10 AWG,600 V,75 °C,"Libre de halógenos (ZH), baja emisión de humos (LS). Apto para bandejas portacables (CT).",,Cables y Alambres,"Negro, Blanco, Rojo, Azul, Verde, Amarillo","Procables, Centelsa"
Alambres Y Cables,Cable de Cobre Libre de Halógenos No 8 AWG (HFFR-LS),"Cable de cobre de 7 hilos calibre 8 AWG con aislamiento libre de halógenos (HFFR-LS). La diferencia con un cable común es lo que pasa en un incendio: este no suelta gases ácidos ni corrosivos y genera muy poco humo, así la gente alcanza a evacuar y ve por dónde salir. Área 8,37 mm², diámetro 5,96 mm. Conduce 50 A a 75 °C (40 A por criterio RETIE/NTC 2050). El RETIE lo exige donde se junta mucha gente: salones comunales, centros comerciales, rutas de evacuación de edificios altos, túneles, teatros y estaciones de transporte masivo. Apto para bandeja portacable (CT). Cumple NTC 6182 y RETIE.",,8 AWG,600 V,75 °C,"Libre de halógenos (ZH), baja emisión de humos (LS). Apto para bandejas portacables (CT).",,Cables y Alambres,"Negro, Blanco, Rojo, Azul, Verde, Amarillo","Procables, Centelsa"
Alambres Y Cables,Cable de Cobre Libre de Halógenos No 6 AWG (HFFR-LS),"Cable de cobre de 7 hilos calibre 6 AWG con aislamiento libre de halógenos (HFFR-LS). La diferencia con un cable común es lo que pasa en un incendio: este no suelta gases ácidos ni corrosivos y genera muy poco humo, así la gente alcanza a evacuar y ve por dónde salir. Área 13,3 mm², diámetro 7,69 mm. Conduce 65 A a 75 °C (55 A por criterio RETIE/NTC 2050). El RETIE lo exige donde se junta mucha gente: salones comunales, centros comerciales, rutas de evacuación de edificios altos, túneles, teatros y estaciones de transporte masivo. Apto para bandeja portacable (CT). Cumple NTC 6182 y RETIE.",,6 AWG,600 V,75 °C,"Libre de halógenos (ZH), baja emisión de humos (LS). Apto para bandejas portacables (CT).",,Cables y Alambres,"Negro, Blanco, Rojo, Azul, Verde, Amarillo","Procables, Centelsa"
Alambres Y Cables,Cable de Cobre Libre de Halógenos No 4 AWG (HFFR-LS),"Cable de cobre de 7 hilos calibre 4 AWG con aislamiento libre de halógenos (HFFR-LS). La diferencia con un cable común es lo que pasa en un incendio: este no suelta gases ácidos ni corrosivos y genera muy poco humo, así la gente alcanza a evacuar y ve por dónde salir. Área 21,1 mm², diámetro 8,87 mm. Conduce 85 A a 75 °C (70 A por criterio RETIE/NTC 2050). El RETIE lo exige donde se junta mucha gente: salones comunales, centros comerciales, rutas de evacuación de edificios altos, túneles, teatros y estaciones de transporte masivo. Apto para bandeja portacable (CT). Cumple NTC 6182 y RETIE.",,4 AWG,600 V,75 °C,"Libre de halógenos (ZH), baja emisión de humos (LS). Apto para bandejas portacables (CT).",,Cables y Alambres,"Negro, Blanco, Rojo, Azul, Verde, Amarillo","Procables, Centelsa"
Alambres Y Cables,Cable de Cobre Libre de Halógenos No 2 AWG (HFFR-LS),"Cable de cobre de 7 hilos calibre 2 AWG con aislamiento libre de halógenos (HFFR-LS). La diferencia con un cable común es lo que pasa en un incendio: este no suelta gases ácidos ni corrosivos y genera muy poco humo, así la gente alcanza a evacuar y ve por dónde salir. Área 33,6 mm², diámetro 10,36 mm. Conduce 115 A a 75 °C (95 A por criterio RETIE/NTC 2050). El RETIE lo exige donde se junta mucha gente: salones comunales, centros comerciales, rutas de evacuación de edificios altos, túneles, teatros y estaciones de transporte masivo. Apto para bandeja portacable (CT). Cumple NTC 6182 y RETIE.",,2 AWG,600 V,75 °C,"Libre de halógenos (ZH), baja emisión de humos (LS). Apto para bandejas portacables (CT).",,Cables y Alambres,"Negro, Blanco, Rojo, Azul, Verde, Amarillo","Procables, Centelsa"
Alambres Y Cables,Cable de Cobre Libre de Halógenos No 1/0 AWG (HFFR-LS),"Cable de cobre de 19 hilos calibre 1/0 AWG con aislamiento libre de halógenos (HFFR-LS). La diferencia con un cable común es lo que pasa en un incendio: este no suelta gases ácidos ni corrosivos y genera muy poco humo, así la gente alcanza a evacuar y ve por dónde salir. Área 53,5 mm², diámetro 13,10 mm. Conduce 150 A a 75 °C (150 A por criterio RETIE/NTC 2050). El RETIE lo exige donde se junta mucha gente: salones comunales, centros comerciales, rutas de evacuación de edificios altos, túneles, teatros y estaciones de transporte masivo. Apto para bandeja portacable (CT). Cumple NTC 6182 y RETIE.",,1/0 AWG,600 V,75 °C,"Libre de halógenos (ZH), baja emisión de humos (LS). Apto para bandejas portacables (CT).",,Cables y Alambres,"Negro, Blanco, Rojo, Azul, Verde, Amarillo","Procables, Centelsa"
Alambres Y Cables,Cable de Cobre Libre de Halógenos No 2/0 AWG (HFFR-LS),"Cable de cobre de 19 hilos calibre 2/0 AWG con aislamiento libre de halógenos (HFFR-LS). La diferencia con un cable común es lo que pasa en un incendio: este no suelta gases ácidos ni corrosivos y genera muy poco humo, así la gente alcanza a evacuar y ve por dónde salir. Área 67,4 mm², diámetro 14,19 mm. Conduce 175 A a 75 °C (175 A por criterio RETIE/NTC 2050). El RETIE lo exige donde se junta mucha gente: salones comunales, centros comerciales, rutas de evacuación de edificios altos, túneles, teatros y estaciones de transporte masivo. Apto para bandeja portacable (CT). Cumple NTC 6182 y RETIE.",,2/0 AWG,600 V,75 °C,"Libre de halógenos (ZH), baja emisión de humos (LS). Apto para bandejas portacables (CT).",,Cables y Alambres,"Negro, Blanco, Rojo, Azul, Verde, Amarillo","Procables, Centelsa"
Alambres Y Cables,Cable de Cobre Libre de Halógenos No 4/0 AWG (HFFR-LS),"Cable de cobre de 19 hilos calibre 4/0 AWG con aislamiento libre de halógenos (HFFR-LS). La diferencia con un cable común es lo que pasa en un incendio: este no suelta gases ácidos ni corrosivos y genera muy poco humo, así la gente alcanza a evacuar y ve por dónde salir. Área 107 mm², diámetro 16,81 mm. Conduce 230 A a 75 °C (230 A por criterio RETIE/NTC 2050). El RETIE lo exige donde se junta mucha gente: salones comunales, centros comerciales, rutas de evacuación de edificios altos, túneles, teatros y estaciones de transporte masivo. Apto para bandeja portacable (CT). Cumple NTC 6182 y RETIE.",,4/0 AWG,600 V,75 °C,"Libre de halógenos (ZH), baja emisión de humos (LS). Apto para bandejas portacables (CT).",,Cables y Alambres,"Negro, Blanco, Rojo, Azul, Verde, Amarillo","Procables, Centelsa"
Alambres Y Cables,Cable de Cobre Libre de Halógenos No 250 kcmil (HFFR-LS),"Cable de cobre de 37 hilos calibre 250 kcmil con aislamiento libre de halógenos (HFFR-LS). La diferencia con un cable común es lo que pasa en un incendio: este no suelta gases ácidos ni corrosivos y genera muy poco humo, así la gente alcanza a evacuar y ve por dónde salir. Área 126,7 mm², diámetro 19,14 mm. Conduce 255 A a 75 °C (255 A por criterio RETIE/NTC 2050). El RETIE lo exige donde se junta mucha gente: salones comunales, centros comerciales, rutas de evacuación de edificios altos, túneles, teatros y estaciones de transporte masivo. Apto para bandeja portacable (CT). Cumple NTC 6182 y RETIE.",,250 kcmil,600 V,75 °C,"Libre de halógenos (ZH), baja emisión de humos (LS). Apto para bandejas portacables (CT).",,Cables y Alambres,"Negro, Blanco, Rojo, Azul, Verde, Amarillo","Procables, Centelsa"
Alambres Y Cables,Cable de Cobre Libre de Halógenos No 350 kcmil (HFFR-LS),"Cable de cobre de 37 hilos calibre 350 kcmil con aislamiento libre de halógenos (HFFR-LS). La diferencia con un cable común es lo que pasa en un incendio: este no suelta gases ácidos ni corrosivos y genera muy poco humo, así la gente alcanza a evacuar y ve por dónde salir. Área 177,3 mm², diámetro 21,73 mm. Conduce 310 A a 75 °C (310 A por criterio RETIE/NTC 2050). El RETIE lo exige donde se junta mucha gente: salones comunales, centros comerciales, rutas de evacuación de edificios altos, túneles, teatros y estaciones de transporte masivo. Apto para bandeja portacable (CT). Cumple NTC 6182 y RETIE.",,350 kcmil,600 V,75 °C,"Libre de halógenos (ZH), baja emisión de humos (LS). Apto para bandejas portacables (CT).",,Cables y Alambres,"Negro, Blanco, Rojo, Azul, Verde, Amarillo","Procables, Centelsa"
Alambres Y Cables,Cable de Cobre Libre de Halógenos No 500 kcmil (HFFR-LS),"Cable de cobre de 37 hilos calibre 500 kcmil con aislamiento libre de halógenos (HFFR-LS). La diferencia con un cable común es lo que pasa en un incendio: este no suelta gases ácidos ni corrosivos y genera muy poco humo, así la gente alcanza a evacuar y ve por dónde salir. Área 253,4 mm², diámetro 25,01 mm. Conduce 380 A a 75 °C (380 A por criterio RETIE/NTC 2050). El RETIE lo exige donde se junta mucha gente: salones comunales, centros comerciales, rutas de evacuación de edificios altos, túneles, teatros y estaciones de transporte masivo. Apto para bandeja portacable (CT). Cumple NTC 6182 y RETIE.",,500 kcmil,600 V,75 °C,"Libre de halógenos (ZH), baja emisión de humos (LS). Apto para bandejas portacables (CT).",,Cables y Alambres,"Negro, Blanco, Rojo, Azul, Verde, Amarillo","Procables, Centelsa"
Alambres Y Cables,Alambre de Cobre Desnudo Blando No 14 AWG,"Alambre de cobre blando sólido sin aislamiento, calibre 14 AWG. Es el conductor de la malla de tierra: se entierra, se conecta a la varilla y aterriza la instalación. Cobre de alta pureza (99,95 % mínimo) con conductividad del 100 % IACS, lo que garantiza que la falla se drene rápido. Área 2,079 mm², diámetro 1,628 mm, resistencia 8,29 Ω/km a 20 °C y carga de rotura 96,0 kgf. Funciona como electrodo, conductor del electrodo o conductor de puesta a tierra de equipos, según el artículo 15 del RETIE y la sección 250 de la NTC 2050. Resiste bien la corrosión y la fatiga. Cumple NTC 307, NTC 359, ASTM B-1/B-3/B-8 y RETIE.",,14 AWG,,,Conductor sólido desnudo para puesta a tierra.,,Cables y Alambres,,"Procables, Centelsa"
Alambres Y Cables,Alambre de Cobre Desnudo Blando No 12 AWG,"Alambre de cobre blando sólido sin aislamiento, calibre 12 AWG. Es el conductor de la malla de tierra: se entierra, se conecta a la varilla y aterriza la instalación. Cobre de alta pureza (99,95 % mínimo) con conductividad del 100 % IACS, lo que garantiza que la falla se drene rápido. Área 3,302 mm², diámetro 2,052 mm, resistencia 5,21 Ω/km a 20 °C y carga de rotura 152 kgf. Funciona como electrodo, conductor del electrodo o conductor de puesta a tierra de equipos, según el artículo 15 del RETIE y la sección 250 de la NTC 2050. Resiste bien la corrosión y la fatiga. Cumple NTC 307, NTC 359, ASTM B-1/B-3/B-8 y RETIE.",,12 AWG,,,Conductor sólido desnudo para puesta a tierra.,,Cables y Alambres,,"Procables, Centelsa"
Alambres Y Cables,Alambre de Cobre Desnudo Blando No 10 AWG,"Alambre de cobre blando sólido sin aislamiento, calibre 10 AWG. Es el conductor de la malla de tierra: se entierra, se conecta a la varilla y aterriza la instalación. Cobre de alta pureza (99,95 % mínimo) con conductividad del 100 % IACS, lo que garantiza que la falla se drene rápido. Área 5,259 mm², diámetro 2,588 mm, resistencia 3,28 Ω/km a 20 °C y carga de rotura 237 kgf. Funciona como electrodo, conductor del electrodo o conductor de puesta a tierra de equipos, según el artículo 15 del RETIE y la sección 250 de la NTC 2050. Resiste bien la corrosión y la fatiga. Cumple NTC 307, NTC 359, ASTM B-1/B-3/B-8 y RETIE.",,10 AWG,,,Conductor sólido desnudo para puesta a tierra.,,Cables y Alambres,,"Procables, Centelsa"
Alambres Y Cables,Alambre de Cobre Desnudo Blando No 8 AWG,"Alambre de cobre blando sólido sin aislamiento, calibre 8 AWG. Es el conductor de la malla de tierra: se entierra, se conecta a la varilla y aterriza la instalación. Cobre de alta pureza (99,95 % mínimo) con conductividad del 100 % IACS, lo que garantiza que la falla se drene rápido. Área 8,318 mm², diámetro 3,264 mm, resistencia 2,06 Ω/km a 20 °C y carga de rotura 373 kgf. Funciona como electrodo, conductor del electrodo o conductor de puesta a tierra de equipos, según el artículo 15 del RETIE y la sección 250 de la NTC 2050. Resiste bien la corrosión y la fatiga. Cumple NTC 307, NTC 359, ASTM B-1/B-3/B-8 y RETIE.",,8 AWG,,,Conductor sólido desnudo para puesta a tierra.,,Cables y Alambres,,"Procables, Centelsa"
Alambres Y Cables,Alambre de Cobre Desnudo Blando No 6 AWG,"Alambre de cobre blando sólido sin aislamiento, calibre 6 AWG. Es el conductor de la malla de tierra: se entierra, se conecta a la varilla y aterriza la instalación. Cobre de alta pureza (99,95 % mínimo) con conductividad del 100 % IACS, lo que garantiza que la falla se drene rápido. Área 13,21 mm², diámetro 4,115 mm, resistencia 1,30 Ω/km a 20 °C y carga de rotura 579 kgf. Funciona como electrodo, conductor del electrodo o conductor de puesta a tierra de equipos, según el artículo 15 del RETIE y la sección 250 de la NTC 2050. Resiste bien la corrosión y la fatiga. Cumple NTC 307, NTC 359, ASTM B-1/B-3/B-8 y RETIE.",,6 AWG,,,Conductor sólido desnudo para puesta a tierra.,,Cables y Alambres,,"Procables, Centelsa"
Alambres Y Cables,Cable de Cobre Desnudo Blando No 8 AWG (7 hilos),"Cable de cobre desnudo de 7 hilos calibre 8 AWG, cableado concéntrico clase B. Cumple la misma función del alambre desnudo pero en calibres gruesos, donde ya se necesita flexibilidad para armar la malla o llegar al barraje. Cobre de alta pureza (99,95 %) y conductividad del 100 % IACS. Área 8,318 mm², diámetro 3,70 mm, resistencia 2,10 Ω/km a 20 °C. Se usa como electrodo, conductor del electrodo o puesta a tierra de equipos, conforme al artículo 15 del RETIE y la sección 250 de la NTC 2050. Cumple NTC 307, NTC 359, ASTM B-1/B-3/B-8 y RETIE.",,8 AWG,,,Conductor cableado desnudo para puesta a tierra.,,Cables y Alambres,,"Procables, Centelsa"
Alambres Y Cables,Cable de Cobre Desnudo Blando No 6 AWG (7 hilos),"Cable de cobre desnudo de 7 hilos calibre 6 AWG, cableado concéntrico clase B. Cumple la misma función del alambre desnudo pero en calibres gruesos, donde ya se necesita flexibilidad para armar la malla o llegar al barraje. Cobre de alta pureza (99,95 %) y conductividad del 100 % IACS. Área 13,21 mm², diámetro 4,66 mm, resistencia 1,32 Ω/km a 20 °C. Se usa como electrodo, conductor del electrodo o puesta a tierra de equipos, conforme al artículo 15 del RETIE y la sección 250 de la NTC 2050. Cumple NTC 307, NTC 359, ASTM B-1/B-3/B-8 y RETIE.",,6 AWG,,,Conductor cableado desnudo para puesta a tierra.,,Cables y Alambres,,"Procables, Centelsa"
Alambres Y Cables,Cable de Cobre Desnudo Blando No 4 AWG (7 hilos),"Cable de cobre desnudo de 7 hilos calibre 4 AWG, cableado concéntrico clase B. Cumple la misma función del alambre desnudo pero en calibres gruesos, donde ya se necesita flexibilidad para armar la malla o llegar al barraje. Cobre de alta pureza (99,95 %) y conductividad del 100 % IACS. Área 21,12 mm², diámetro 5,88 mm, resistencia 0,830 Ω/km a 20 °C. Se usa como electrodo, conductor del electrodo o puesta a tierra de equipos, conforme al artículo 15 del RETIE y la sección 250 de la NTC 2050. Cumple NTC 307, NTC 359, ASTM B-1/B-3/B-8 y RETIE.",,4 AWG,,,Conductor cableado desnudo para puesta a tierra.,,Cables y Alambres,,"Procables, Centelsa"
Alambres Y Cables,Cable de Cobre Desnudo Blando No 2 AWG (7 hilos),"Cable de cobre desnudo de 7 hilos calibre 2 AWG, cableado concéntrico clase B. Cumple la misma función del alambre desnudo pero en calibres gruesos, donde ya se necesita flexibilidad para armar la malla o llegar al barraje. Cobre de alta pureza (99,95 %) y conductividad del 100 % IACS. Área 33,54 mm², diámetro 7,42 mm, resistencia 0,522 Ω/km a 20 °C. Se usa como electrodo, conductor del electrodo o puesta a tierra de equipos, conforme al artículo 15 del RETIE y la sección 250 de la NTC 2050. Cumple NTC 307, NTC 359, ASTM B-1/B-3/B-8 y RETIE.",,2 AWG,,,Conductor cableado desnudo para puesta a tierra.,,Cables y Alambres,,"Procables, Centelsa"
Alambres Y Cables,Cable de Cobre Desnudo Blando No 1/0 AWG (19 hilos),"Cable de cobre desnudo de 19 hilos calibre 1/0 AWG, cableado concéntrico clase B. Cumple la misma función del alambre desnudo pero en calibres gruesos, donde ya se necesita flexibilidad para armar la malla o llegar al barraje. Cobre de alta pureza (99,95 %) y conductividad del 100 % IACS. Área 53,30 mm², diámetro 9,46 mm, resistencia 0,328 Ω/km a 20 °C. Se usa como electrodo, conductor del electrodo o puesta a tierra de equipos, conforme al artículo 15 del RETIE y la sección 250 de la NTC 2050. Cumple NTC 307, NTC 359, ASTM B-1/B-3/B-8 y RETIE.",,1/0 AWG,,,Conductor cableado desnudo para puesta a tierra.,,Cables y Alambres,,"Procables, Centelsa"
Alambres Y Cables,Cable de Cobre Desnudo Blando No 2/0 AWG (19 hilos),"Cable de cobre desnudo de 19 hilos calibre 2/0 AWG, cableado concéntrico clase B. Cumple la misma función del alambre desnudo pero en calibres gruesos, donde ya se necesita flexibilidad para armar la malla o llegar al barraje. Cobre de alta pureza (99,95 %) y conductividad del 100 % IACS. Área 67,70 mm², diámetro 10,60 mm, resistencia 0,261 Ω/km a 20 °C. Se usa como electrodo, conductor del electrodo o puesta a tierra de equipos, conforme al artículo 15 del RETIE y la sección 250 de la NTC 2050. Cumple NTC 307, NTC 359, ASTM B-1/B-3/B-8 y RETIE.",,2/0 AWG,,,Conductor cableado desnudo para puesta a tierra.,,Cables y Alambres,,"Procables, Centelsa"
Alambres Y Cables,Cable de Cobre Desnudo Blando No 4/0 AWG (19 hilos),"Cable de cobre desnudo de 19 hilos calibre 4/0 AWG, cableado concéntrico clase B. Cumple la misma función del alambre desnudo pero en calibres gruesos, donde ya se necesita flexibilidad para armar la malla o llegar al barraje. Cobre de alta pureza (99,95 %) y conductividad del 100 % IACS. Área 107,2 mm², diámetro 12,63 mm, resistencia 0,164 Ω/km a 20 °C. Se usa como electrodo, conductor del electrodo o puesta a tierra de equipos, conforme al artículo 15 del RETIE y la sección 250 de la NTC 2050. Cumple NTC 307, NTC 359, ASTM B-1/B-3/B-8 y RETIE.",,4/0 AWG,,,Conductor cableado desnudo para puesta a tierra.,,Cables y Alambres,,"Procables, Centelsa"
Alambres Y Cables,Cable de Cobre Desnudo Blando No 250 kcmil (37 hilos),"Cable de cobre desnudo de 37 hilos calibre 250 kcmil, cableado concéntrico clase B. Cumple la misma función del alambre desnudo pero en calibres gruesos, donde ya se necesita flexibilidad para armar la malla o llegar al barraje. Cobre de alta pureza (99,95 %) y conductividad del 100 % IACS. Área 126,6 mm², diámetro 14,61 mm, resistencia 0,139 Ω/km a 20 °C. Se usa como electrodo, conductor del electrodo o puesta a tierra de equipos, conforme al artículo 15 del RETIE y la sección 250 de la NTC 2050. Cumple NTC 307, NTC 359, ASTM B-1/B-3/B-8 y RETIE.",,250 kcmil,,,Conductor cableado desnudo para puesta a tierra.,,Cables y Alambres,,"Procables, Centelsa"
Alambres Y Cables,Cable de Cobre Desnudo Blando No 350 kcmil (37 hilos),"Cable de cobre desnudo de 37 hilos calibre 350 kcmil, cableado concéntrico clase B. Cumple la misma función del alambre desnudo pero en calibres gruesos, donde ya se necesita flexibilidad para armar la malla o llegar al barraje. Cobre de alta pureza (99,95 %) y conductividad del 100 % IACS. Área 177,5 mm², diámetro 17,30 mm, resistencia 0,0991 Ω/km a 20 °C. Se usa como electrodo, conductor del electrodo o puesta a tierra de equipos, conforme al artículo 15 del RETIE y la sección 250 de la NTC 2050. Cumple NTC 307, NTC 359, ASTM B-1/B-3/B-8 y RETIE.",,350 kcmil,,,Conductor cableado desnudo para puesta a tierra.,,Cables y Alambres,,"Procables, Centelsa"
Cables Encauchetados y de Control,Cable Encauchetado 2 x 18 AWG Cobre,"Cable encauchetado de 2 conductores calibre 18 AWG en cobre flexible. Los hilos van aislados en PVC con nailon y todo el conjunto lleva una chaqueta exterior de PVC —de ahí el nombre ""encauchetado""—, que es lo que le permite aguantar arrastre, pisadas y trato duro sin pelarse. Es el cable de la extensión y de la herramienta que se mueve: soldadores, taladros, pulidoras, guadañas y todo equipo portátil de obra. Diámetro 6,10 mm, masa 51,1 kg/km. Conduce 14 A a 90 °C (7 A por criterio RETIE/NTC 2050). Retardante a la llama, resistente al aceite, al sol y a la abrasión. Cumple UL 1277, UL 83, UL 758, NTC 5521, NTC 5916, NTC 1332 y RETIE.",,2x18,600 V,90 °C,Cable flexible encauchetado. Certificado RETIE.,https://interelectricas.com.co/40966-home_default/cable-de-cobre-encauchetado-2-x-18-awg-metro.jpg,Cables y Alambres,,"Procables, Centelsa, Conalcables"
Cables Encauchetados y de Control,Cable Encauchetado 2 x 16 AWG Cobre,"Cable encauchetado de 2 conductores calibre 16 AWG en cobre flexible. Los hilos van aislados en PVC con nailon y todo el conjunto lleva una chaqueta exterior de PVC —de ahí el nombre ""encauchetado""—, que es lo que le permite aguantar arrastre, pisadas y trato duro sin pelarse. Es el cable de la extensión y de la herramienta que se mueve: soldadores, taladros, pulidoras, guadañas y todo equipo portátil de obra. Diámetro 6,72 mm, masa 66,2 kg/km. Conduce 18 A a 90 °C (10 A por criterio RETIE/NTC 2050). Retardante a la llama, resistente al aceite, al sol y a la abrasión. Cumple UL 1277, UL 83, UL 758, NTC 5521, NTC 5916, NTC 1332 y RETIE.",,2x16,600 V,90 °C,Cable flexible encauchetado. Certificado RETIE.,https://interelectricas.com.co/40955-home_default/cable-encauchetado-2-x-16-awg-cobre-metro.jpg,Cables y Alambres,,"Procables, Centelsa, Conalcables"
Cables Encauchetados y de Control,Cable Encauchetado 2 x 14 AWG Cobre,"Cable encauchetado de 2 conductores calibre 14 AWG en cobre flexible. Los hilos van aislados en PVC con nailon y todo el conjunto lleva una chaqueta exterior de PVC —de ahí el nombre ""encauchetado""—, que es lo que le permite aguantar arrastre, pisadas y trato duro sin pelarse. Es el cable de la extensión y de la herramienta que se mueve: soldadores, taladros, pulidoras, guadañas y todo equipo portátil de obra. Diámetro 7,46 mm, masa 87,9 kg/km. Conduce 25 A a 90 °C (15 A por criterio RETIE/NTC 2050). Retardante a la llama, resistente al aceite, al sol y a la abrasión. Cumple UL 1277, UL 83, UL 758, NTC 5521, NTC 5916, NTC 1332 y RETIE.",,2x14,600 V,90 °C,Cable flexible encauchetado. Certificado RETIE.,https://interelectricas.com.co/40954-home_default/cable-de-cobre-encauchetado-2-x-14-awg-metro.jpg,Cables y Alambres,,"Procables, Centelsa, Conalcables"
Cables Encauchetados y de Control,Cable Encauchetado 2 x 12 AWG Cobre,"Cable encauchetado de 2 conductores calibre 12 AWG en cobre flexible. Los hilos van aislados en PVC con nailon y todo el conjunto lleva una chaqueta exterior de PVC —de ahí el nombre ""encauchetado""—, que es lo que le permite aguantar arrastre, pisadas y trato duro sin pelarse. En estos calibres ya sirve además como cable de fuerza y control: va en bandeja portacable (CT), enterrado directo (DB), en bombas sumergibles (SWP) y en instalación a la vista (ER). Diámetro 8,44 mm, masa 121,3 kg/km. Conduce 30 A a 90 °C (20 A por criterio RETIE/NTC 2050). Retardante a la llama, resistente al aceite, al sol y a la abrasión. Cumple UL 1277, UL 83, UL 758, NTC 5521, NTC 5916, NTC 1332 y RETIE.",,2x12,600 V,90 °C,Cable flexible encauchetado. Certificado RETIE.,https://interelectricas.com.co/40953-home_default/cable-de-cobre-encauchetado-2-x-12-awg-metro.jpg,Cables y Alambres,,"Procables, Centelsa, Conalcables"
Cables Encauchetados y de Control,Cable Encauchetado 2 x 10 AWG Cobre,"Cable encauchetado de 2 conductores calibre 10 AWG en cobre flexible. Los hilos van aislados en PVC con nailon y todo el conjunto lleva una chaqueta exterior de PVC —de ahí el nombre ""encauchetado""—, que es lo que le permite aguantar arrastre, pisadas y trato duro sin pelarse. En estos calibres ya sirve además como cable de fuerza y control: va en bandeja portacable (CT), enterrado directo (DB), en bombas sumergibles (SWP) y en instalación a la vista (ER). Diámetro 10,10 mm, masa 181 kg/km. Conduce 40 A a 90 °C (30 A por criterio RETIE/NTC 2050). Retardante a la llama, resistente al aceite, al sol y a la abrasión. Cumple UL 1277, UL 83, UL 758, NTC 5521, NTC 5916, NTC 1332 y RETIE.",,2x10,600 V,90 °C,Cable flexible encauchetado. Certificado RETIE.,https://interelectricas.com.co/40952-home_default/cable-de-cobre-encauchetado-2-x-10-awg-metro.jpg,Cables y Alambres,,"Procables, Centelsa, Conalcables"
Cables Encauchetados y de Control,Cable Encauchetado 2 x 8 AWG Cobre,"Cable encauchetado de 2 conductores calibre 8 AWG en cobre flexible. Los hilos van aislados en PVC con nailon y todo el conjunto lleva una chaqueta exterior de PVC —de ahí el nombre ""encauchetado""—, que es lo que le permite aguantar arrastre, pisadas y trato duro sin pelarse. En estos calibres ya sirve además como cable de fuerza y control: va en bandeja portacable (CT), enterrado directo (DB), en bombas sumergibles (SWP) y en instalación a la vista (ER). Diámetro 13,48 mm, masa 308 kg/km. Conduce 55 A a 90 °C (40 A por criterio RETIE/NTC 2050). Retardante a la llama, resistente al aceite, al sol y a la abrasión. Cumple UL 1277, UL 83, UL 758, NTC 5521, NTC 5916, NTC 1332 y RETIE.",,2x8,600 V,90 °C,Cable flexible encauchetado. Certificado RETIE.,https://interelectricas.com.co/40963-home_default/cable-de-cobre-encauchetado-2-x-8-awg-metro.jpg,Cables y Alambres,,"Procables, Centelsa, Conalcables"
Cables Encauchetados y de Control,Cable Encauchetado 2 x 6 AWG Cobre,"Cable encauchetado de 2 conductores calibre 6 AWG en cobre flexible. Los hilos van aislados en PVC con nailon y todo el conjunto lleva una chaqueta exterior de PVC —de ahí el nombre ""encauchetado""—, que es lo que le permite aguantar arrastre, pisadas y trato duro sin pelarse. En estos calibres ya sirve además como cable de fuerza y control: va en bandeja portacable (CT), enterrado directo (DB), en bombas sumergibles (SWP) y en instalación a la vista (ER). Diámetro 16,51 mm, masa 470 kg/km. Conduce 75 A a 90 °C (55 A por criterio RETIE/NTC 2050). Retardante a la llama, resistente al aceite, al sol y a la abrasión. Cumple UL 1277, UL 83, UL 758, NTC 5521, NTC 5916, NTC 1332 y RETIE.",,2x6,600 V,90 °C,Cable flexible encauchetado. Certificado RETIE.,,Cables y Alambres,,"Procables, Centelsa, Conalcables"
Cables Encauchetados y de Control,Cable Encauchetado 2 x 4 AWG Cobre,"Cable encauchetado de 2 conductores calibre 4 AWG en cobre flexible. Los hilos van aislados en PVC con nailon y todo el conjunto lleva una chaqueta exterior de PVC —de ahí el nombre ""encauchetado""—, que es lo que le permite aguantar arrastre, pisadas y trato duro sin pelarse. En estos calibres ya sirve además como cable de fuerza y control: va en bandeja portacable (CT), enterrado directo (DB), en bombas sumergibles (SWP) y en instalación a la vista (ER). Diámetro 21,02 mm, masa 757 kg/km. Conduce 95 A a 90 °C (70 A por criterio RETIE/NTC 2050). Retardante a la llama, resistente al aceite, al sol y a la abrasión. Cumple UL 1277, UL 83, UL 758, NTC 5521, NTC 5916, NTC 1332 y RETIE.",,2x4,600 V,90 °C,Cable flexible encauchetado. Certificado RETIE.,,Cables y Alambres,,"Procables, Centelsa, Conalcables"
Cables Encauchetados y de Control,Cable Encauchetado 2 x 2 AWG Cobre,"Cable encauchetado de 2 conductores calibre 2 AWG en cobre flexible. Los hilos van aislados en PVC con nailon y todo el conjunto lleva una chaqueta exterior de PVC —de ahí el nombre ""encauchetado""—, que es lo que le permite aguantar arrastre, pisadas y trato duro sin pelarse. En estos calibres ya sirve además como cable de fuerza y control: va en bandeja portacable (CT), enterrado directo (DB), en bombas sumergibles (SWP) y en instalación a la vista (ER). Diámetro 24,22 mm, masa 1078 kg/km. Conduce 130 A a 90 °C (95 A por criterio RETIE/NTC 2050). Retardante a la llama, resistente al aceite, al sol y a la abrasión. Cumple UL 1277, UL 83, UL 758, NTC 5521, NTC 5916, NTC 1332 y RETIE.",,2x2,600 V,90 °C,Cable flexible encauchetado. Certificado RETIE.,,Cables y Alambres,,"Procables, Centelsa, Conalcables"
Cables Encauchetados y de Control,Cable Encauchetado 3 x 18 AWG Cobre,"Cable encauchetado de 3 conductores calibre 18 AWG en cobre flexible. Los hilos van aislados en PVC con nailon y todo el conjunto lleva una chaqueta exterior de PVC —de ahí el nombre ""encauchetado""—, que es lo que le permite aguantar arrastre, pisadas y trato duro sin pelarse. Es el cable de la extensión y de la herramienta que se mueve: soldadores, taladros, pulidoras, guadañas y todo equipo portátil de obra. Diámetro 6,45 mm, masa 60,3 kg/km. Conduce 14 A a 90 °C (7 A por criterio RETIE/NTC 2050). Retardante a la llama, resistente al aceite, al sol y a la abrasión. Cumple UL 1277, UL 83, UL 758, NTC 5521, NTC 5916, NTC 1332 y RETIE.",,3x18,600 V,90 °C,Cable flexible encauchetado. Certificado RETIE.,https://interelectricas.com.co/40962-home_default/cable-cobre-encauchetado-3-x-18-awg.jpg,Cables y Alambres,,"Procables, Centelsa, Conalcables"
Cables Encauchetados y de Control,Cable Encauchetado 3 x 16 AWG Cobre,"Cable encauchetado de 3 conductores calibre 16 AWG en cobre flexible. Los hilos van aislados en PVC con nailon y todo el conjunto lleva una chaqueta exterior de PVC —de ahí el nombre ""encauchetado""—, que es lo que le permite aguantar arrastre, pisadas y trato duro sin pelarse. Es el cable de la extensión y de la herramienta que se mueve: soldadores, taladros, pulidoras, guadañas y todo equipo portátil de obra. Diámetro 7,12 mm, masa 79,4 kg/km. Conduce 18 A a 90 °C (10 A por criterio RETIE/NTC 2050). Retardante a la llama, resistente al aceite, al sol y a la abrasión. Cumple UL 1277, UL 83, UL 758, NTC 5521, NTC 5916, NTC 1332 y RETIE.",,3x16,600 V,90 °C,Cable flexible encauchetado. Certificado RETIE.,https://interelectricas.com.co/40961-home_default/cable-de-cobre-encauchetado-3-x-16-awg-metro.jpg,Cables y Alambres,,"Procables, Centelsa, Conalcables"
Cables Encauchetados y de Control,Cable Encauchetado 3 x 16 AWG Cobre HFFR Libre de Halógenos,"Cable encauchetado de 3 conductores calibre 16 AWG con aislamiento y chaqueta libres de halógenos (HFFR-LS). Misma robustez del encauchetado normal, pero pensado para incendios: no libera gases corrosivos y produce muy poco humo. El RETIE lo pide en sitios de alta concentración de personas. Apto para bandeja portacable (CT). Cumple NTC 6182 y RETIE.",,3x16,600 V,75 °C,Encauchetado HFFR-LS libre de halógenos.,,Cables y Alambres,,"Procables, Centelsa"
Cables Encauchetados y de Control,Cable Encauchetado 3 x 14 AWG Cobre,"Cable encauchetado de 3 conductores calibre 14 AWG en cobre flexible. Los hilos van aislados en PVC con nailon y todo el conjunto lleva una chaqueta exterior de PVC —de ahí el nombre ""encauchetado""—, que es lo que le permite aguantar arrastre, pisadas y trato duro sin pelarse. Es el cable de la extensión y de la herramienta que se mueve: soldadores, taladros, pulidoras, guadañas y todo equipo portátil de obra. Diámetro 7,91 mm, masa 107,6 kg/km. Conduce 25 A a 90 °C (15 A por criterio RETIE/NTC 2050). Retardante a la llama, resistente al aceite, al sol y a la abrasión. Cumple UL 1277, UL 83, UL 758, NTC 5521, NTC 5916, NTC 1332 y RETIE.",,3x14,600 V,90 °C,Cable flexible encauchetado. Certificado RETIE.,https://interelectricas.com.co/40960-home_default/cable-de-cobre-encauchetado-3-x-14-awg-metro.jpg,Cables y Alambres,,"Procables, Centelsa, Conalcables"
Cables Encauchetados y de Control,Cable Encauchetado 3 x 14 AWG Cobre HFFR Libre de Halógenos,"Cable encauchetado de 3 conductores calibre 14 AWG con aislamiento y chaqueta libres de halógenos (HFFR-LS). Misma robustez del encauchetado normal, pero pensado para incendios: no libera gases corrosivos y produce muy poco humo. El RETIE lo pide en sitios de alta concentración de personas. Apto para bandeja portacable (CT). Cumple NTC 6182 y RETIE.",,3x14,600 V,75 °C,Encauchetado HFFR-LS libre de halógenos.,https://interelectricas.com.co/40965-home_default/cable-de-cobre-encauchetado-3-x-14-awg-metro-hffr-libre-de-halogenuros.jpg,Cables y Alambres,,"Procables, Centelsa"
Cables Encauchetados y de Control,Cable Encauchetado 3 x 12 AWG Cobre,"Cable encauchetado de 3 conductores calibre 12 AWG en cobre flexible. Los hilos van aislados en PVC con nailon y todo el conjunto lleva una chaqueta exterior de PVC —de ahí el nombre ""encauchetado""—, que es lo que le permite aguantar arrastre, pisadas y trato duro sin pelarse. En estos calibres ya sirve además como cable de fuerza y control: va en bandeja portacable (CT), enterrado directo (DB), en bombas sumergibles (SWP) y en instalación a la vista (ER). Diámetro 8,97 mm, masa 151,1 kg/km. Conduce 30 A a 90 °C (20 A por criterio RETIE/NTC 2050). Retardante a la llama, resistente al aceite, al sol y a la abrasión. Cumple UL 1277, UL 83, UL 758, NTC 5521, NTC 5916, NTC 1332 y RETIE.",,3x12,600 V,90 °C,Cable flexible encauchetado. Certificado RETIE.,https://interelectricas.com.co/40959-home_default/cable-de-cobre-encauchetado-3-x-12-awg-metro.jpg,Cables y Alambres,,"Procables, Centelsa, Conalcables"
Cables Encauchetados y de Control,Cable Encauchetado 3 x 12 AWG Cobre HFFR Libre de Halógenos,"Cable encauchetado de 3 conductores calibre 12 AWG con aislamiento y chaqueta libres de halógenos (HFFR-LS). Misma robustez del encauchetado normal, pero pensado para incendios: no libera gases corrosivos y produce muy poco humo. El RETIE lo pide en sitios de alta concentración de personas. Apto para bandeja portacable (CT). Cumple NTC 6182 y RETIE.",,3x12,600 V,75 °C,Encauchetado HFFR-LS libre de halógenos.,https://interelectricas.com.co/40978-home_default/cable-procables-de-cobre-hffr-encauchetado-3-x-12-awg-libre-de-halogenuros-ref-31376222301c.jpg,Cables y Alambres,,"Procables, Centelsa"
Cables Encauchetados y de Control,Cable Encauchetado 3 x 10 AWG Cobre,"Cable encauchetado de 3 conductores calibre 10 AWG en cobre flexible. Los hilos van aislados en PVC con nailon y todo el conjunto lleva una chaqueta exterior de PVC —de ahí el nombre ""encauchetado""—, que es lo que le permite aguantar arrastre, pisadas y trato duro sin pelarse. En estos calibres ya sirve además como cable de fuerza y control: va en bandeja portacable (CT), enterrado directo (DB), en bombas sumergibles (SWP) y en instalación a la vista (ER). Diámetro 11,53 mm, masa 247 kg/km. Conduce 40 A a 90 °C (30 A por criterio RETIE/NTC 2050). Retardante a la llama, resistente al aceite, al sol y a la abrasión. Cumple UL 1277, UL 83, UL 758, NTC 5521, NTC 5916, NTC 1332 y RETIE.",,3x10,600 V,90 °C,Cable flexible encauchetado. Certificado RETIE.,https://interelectricas.com.co/40958-home_default/cable-de-cobre-encauchetado-3-x-10-awg-metro.jpg,Cables y Alambres,,"Procables, Centelsa, Conalcables"
Cables Encauchetados y de Control,Cable Encauchetado 3 x 10 AWG Cobre HFFR Libre de Halógenos,"Cable encauchetado de 3 conductores calibre 10 AWG con aislamiento y chaqueta libres de halógenos (HFFR-LS). Misma robustez del encauchetado normal, pero pensado para incendios: no libera gases corrosivos y produce muy poco humo. El RETIE lo pide en sitios de alta concentración de personas. Apto para bandeja portacable (CT). Cumple NTC 6182 y RETIE.",,3x10,600 V,75 °C,Encauchetado HFFR-LS libre de halógenos.,,Cables y Alambres,,"Procables, Centelsa"
Cables Encauchetados y de Control,Cable Encauchetado 3 x 8 AWG Cobre,"Cable encauchetado de 3 conductores calibre 8 AWG en cobre flexible. Los hilos van aislados en PVC con nailon y todo el conjunto lleva una chaqueta exterior de PVC —de ahí el nombre ""encauchetado""—, que es lo que le permite aguantar arrastre, pisadas y trato duro sin pelarse. En estos calibres ya sirve además como cable de fuerza y control: va en bandeja portacable (CT), enterrado directo (DB), en bombas sumergibles (SWP) y en instalación a la vista (ER). Diámetro 15,13 mm, masa 409 kg/km. Conduce 55 A a 90 °C (40 A por criterio RETIE/NTC 2050). Retardante a la llama, resistente al aceite, al sol y a la abrasión. Cumple UL 1277, UL 83, UL 758, NTC 5521, NTC 5916, NTC 1332 y RETIE.",,3x8,600 V,90 °C,Cable flexible encauchetado. Certificado RETIE.,https://interelectricas.com.co/40957-home_default/cable-de-cobre-encauchetado-3-x-8-awg-metro.jpg,Cables y Alambres,,"Procables, Centelsa, Conalcables"
Cables Encauchetados y de Control,Cable Encauchetado 3 x 6 AWG Cobre,"Cable encauchetado de 3 conductores calibre 6 AWG en cobre flexible. Los hilos van aislados en PVC con nailon y todo el conjunto lleva una chaqueta exterior de PVC —de ahí el nombre ""encauchetado""—, que es lo que le permite aguantar arrastre, pisadas y trato duro sin pelarse. En estos calibres ya sirve además como cable de fuerza y control: va en bandeja portacable (CT), enterrado directo (DB), en bombas sumergibles (SWP) y en instalación a la vista (ER). Diámetro 18,57 mm, masa 628 kg/km. Conduce 75 A a 90 °C (55 A por criterio RETIE/NTC 2050). Retardante a la llama, resistente al aceite, al sol y a la abrasión. Cumple UL 1277, UL 83, UL 758, NTC 5521, NTC 5916, NTC 1332 y RETIE.",,3x6,600 V,90 °C,Cable flexible encauchetado. Certificado RETIE.,,Cables y Alambres,,"Procables, Centelsa, Conalcables"
Cables Encauchetados y de Control,Cable Encauchetado 3 x 4 AWG Cobre,"Cable encauchetado de 3 conductores calibre 4 AWG en cobre flexible. Los hilos van aislados en PVC con nailon y todo el conjunto lleva una chaqueta exterior de PVC —de ahí el nombre ""encauchetado""—, que es lo que le permite aguantar arrastre, pisadas y trato duro sin pelarse. En estos calibres ya sirve además como cable de fuerza y control: va en bandeja portacable (CT), enterrado directo (DB), en bombas sumergibles (SWP) y en instalación a la vista (ER). Diámetro 22,33 mm, masa 944 kg/km. Conduce 95 A a 90 °C (70 A por criterio RETIE/NTC 2050). Retardante a la llama, resistente al aceite, al sol y a la abrasión. Cumple UL 1277, UL 83, UL 758, NTC 5521, NTC 5916, NTC 1332 y RETIE.",,3x4,600 V,90 °C,Cable flexible encauchetado. Certificado RETIE.,,Cables y Alambres,,"Procables, Centelsa, Conalcables"
Cables Encauchetados y de Control,Cable Encauchetado 3 x 2 AWG Cobre,"Cable encauchetado de 3 conductores calibre 2 AWG en cobre flexible. Los hilos van aislados en PVC con nailon y todo el conjunto lleva una chaqueta exterior de PVC —de ahí el nombre ""encauchetado""—, que es lo que le permite aguantar arrastre, pisadas y trato duro sin pelarse. En estos calibres ya sirve además como cable de fuerza y control: va en bandeja portacable (CT), enterrado directo (DB), en bombas sumergibles (SWP) y en instalación a la vista (ER). Diámetro 25,77 mm, masa 1364 kg/km. Conduce 130 A a 90 °C (95 A por criterio RETIE/NTC 2050). Retardante a la llama, resistente al aceite, al sol y a la abrasión. Cumple UL 1277, UL 83, UL 758, NTC 5521, NTC 5916, NTC 1332 y RETIE.",,3x2,600 V,90 °C,Cable flexible encauchetado. Certificado RETIE.,,Cables y Alambres,,"Procables, Centelsa, Conalcables"
Cables Encauchetados y de Control,Cable Encauchetado 4 x 18 AWG Cobre,"Cable encauchetado de 4 conductores calibre 18 AWG en cobre flexible. Los hilos van aislados en PVC con nailon y todo el conjunto lleva una chaqueta exterior de PVC —de ahí el nombre ""encauchetado""—, que es lo que le permite aguantar arrastre, pisadas y trato duro sin pelarse. Es el cable de la extensión y de la herramienta que se mueve: soldadores, taladros, pulidoras, guadañas y todo equipo portátil de obra. Diámetro 7,03 mm, masa 73,1 kg/km. Conduce 14 A a 90 °C (7 A por criterio RETIE/NTC 2050). Retardante a la llama, resistente al aceite, al sol y a la abrasión. Cumple UL 1277, UL 83, UL 758, NTC 5521, NTC 5916, NTC 1332 y RETIE.",,4x18,600 V,90 °C,Cable flexible encauchetado. Certificado RETIE.,,Cables y Alambres,,"Procables, Centelsa, Conalcables"
Cables Encauchetados y de Control,Cable Encauchetado 4 x 16 AWG Cobre,"Cable encauchetado de 4 conductores calibre 16 AWG en cobre flexible. Los hilos van aislados en PVC con nailon y todo el conjunto lleva una chaqueta exterior de PVC —de ahí el nombre ""encauchetado""—, que es lo que le permite aguantar arrastre, pisadas y trato duro sin pelarse. Es el cable de la extensión y de la herramienta que se mueve: soldadores, taladros, pulidoras, guadañas y todo equipo portátil de obra. Diámetro 7,78 mm, masa 97,4 kg/km. Conduce 18 A a 90 °C (10 A por criterio RETIE/NTC 2050). Retardante a la llama, resistente al aceite, al sol y a la abrasión. Cumple UL 1277, UL 83, UL 758, NTC 5521, NTC 5916, NTC 1332 y RETIE.",,4x16,600 V,90 °C,Cable flexible encauchetado. Certificado RETIE.,,Cables y Alambres,,"Procables, Centelsa, Conalcables"
Cables Encauchetados y de Control,Cable Encauchetado 4 x 14 AWG Cobre,"Cable encauchetado de 4 conductores calibre 14 AWG en cobre flexible. Los hilos van aislados en PVC con nailon y todo el conjunto lleva una chaqueta exterior de PVC —de ahí el nombre ""encauchetado""—, que es lo que le permite aguantar arrastre, pisadas y trato duro sin pelarse. Es el cable de la extensión y de la herramienta que se mueve: soldadores, taladros, pulidoras, guadañas y todo equipo portátil de obra. Diámetro 8,67 mm, masa 133,3 kg/km. Conduce 25 A a 90 °C (15 A por criterio RETIE/NTC 2050). Retardante a la llama, resistente al aceite, al sol y a la abrasión. Cumple UL 1277, UL 83, UL 758, NTC 5521, NTC 5916, NTC 1332 y RETIE.",,4x14,600 V,90 °C,Cable flexible encauchetado. Certificado RETIE.,,Cables y Alambres,,"Procables, Centelsa, Conalcables"
Cables Encauchetados y de Control,Cable Encauchetado 4 x 12 AWG Cobre,"Cable encauchetado de 4 conductores calibre 12 AWG en cobre flexible. Los hilos van aislados en PVC con nailon y todo el conjunto lleva una chaqueta exterior de PVC —de ahí el nombre ""encauchetado""—, que es lo que le permite aguantar arrastre, pisadas y trato duro sin pelarse. En estos calibres ya sirve además como cable de fuerza y control: va en bandeja portacable (CT), enterrado directo (DB), en bombas sumergibles (SWP) y en instalación a la vista (ER). Diámetro 9,86 mm, masa 189 kg/km. Conduce 30 A a 90 °C (20 A por criterio RETIE/NTC 2050). Retardante a la llama, resistente al aceite, al sol y a la abrasión. Cumple UL 1277, UL 83, UL 758, NTC 5521, NTC 5916, NTC 1332 y RETIE.",,4x12,600 V,90 °C,Cable flexible encauchetado. Certificado RETIE.,,Cables y Alambres,,"Procables, Centelsa, Conalcables"
Cables Encauchetados y de Control,Cable Encauchetado 4 x 12 AWG Cobre HFFR Libre de Halógenos,"Cable encauchetado de 4 conductores calibre 12 AWG con aislamiento y chaqueta libres de halógenos (HFFR-LS). Misma robustez del encauchetado normal, pero pensado para incendios: no libera gases corrosivos y produce muy poco humo. El RETIE lo pide en sitios de alta concentración de personas. Apto para bandeja portacable (CT). Cumple NTC 6182 y RETIE.",,4x12,600 V,75 °C,Encauchetado HFFR-LS libre de halógenos.,,Cables y Alambres,,"Procables, Centelsa"
Cables Encauchetados y de Control,Cable Encauchetado 4 x 10 AWG Cobre,"Cable encauchetado de 4 conductores calibre 10 AWG en cobre flexible. Los hilos van aislados en PVC con nailon y todo el conjunto lleva una chaqueta exterior de PVC —de ahí el nombre ""encauchetado""—, que es lo que le permite aguantar arrastre, pisadas y trato duro sin pelarse. En estos calibres ya sirve además como cable de fuerza y control: va en bandeja portacable (CT), enterrado directo (DB), en bombas sumergibles (SWP) y en instalación a la vista (ER). Diámetro 12,64 mm, masa 308 kg/km. Conduce 40 A a 90 °C (30 A por criterio RETIE/NTC 2050). Retardante a la llama, resistente al aceite, al sol y a la abrasión. Cumple UL 1277, UL 83, UL 758, NTC 5521, NTC 5916, NTC 1332 y RETIE.",,4x10,600 V,90 °C,Cable flexible encauchetado. Certificado RETIE.,https://interelectricas.com.co/40973-home_default/cable-de-cobre-encauchetado-4-x-10-awg-de-metro.jpg,Cables y Alambres,,"Procables, Centelsa, Conalcables"
Cables Encauchetados y de Control,Cable Encauchetado 4 x 8 AWG Cobre,"Cable encauchetado de 4 conductores calibre 8 AWG en cobre flexible. Los hilos van aislados en PVC con nailon y todo el conjunto lleva una chaqueta exterior de PVC —de ahí el nombre ""encauchetado""—, que es lo que le permite aguantar arrastre, pisadas y trato duro sin pelarse. En estos calibres ya sirve además como cable de fuerza y control: va en bandeja portacable (CT), enterrado directo (DB), en bombas sumergibles (SWP) y en instalación a la vista (ER). Diámetro 16,57 mm, masa 508 kg/km. Conduce 55 A a 90 °C (40 A por criterio RETIE/NTC 2050). Retardante a la llama, resistente al aceite, al sol y a la abrasión. Cumple UL 1277, UL 83, UL 758, NTC 5521, NTC 5916, NTC 1332 y RETIE.",,4x8,600 V,90 °C,Cable flexible encauchetado. Certificado RETIE.,,Cables y Alambres,,"Procables, Centelsa, Conalcables"
Cables Encauchetados y de Control,Cable Encauchetado 4 x 6 AWG Cobre,"Cable encauchetado de 4 conductores calibre 6 AWG en cobre flexible. Los hilos van aislados en PVC con nailon y todo el conjunto lleva una chaqueta exterior de PVC —de ahí el nombre ""encauchetado""—, que es lo que le permite aguantar arrastre, pisadas y trato duro sin pelarse. En estos calibres ya sirve además como cable de fuerza y control: va en bandeja portacable (CT), enterrado directo (DB), en bombas sumergibles (SWP) y en instalación a la vista (ER). Diámetro 20,03 mm, masa 779 kg/km. Conduce 75 A a 90 °C (55 A por criterio RETIE/NTC 2050). Retardante a la llama, resistente al aceite, al sol y a la abrasión. Cumple UL 1277, UL 83, UL 758, NTC 5521, NTC 5916, NTC 1332 y RETIE.",,4x6,600 V,90 °C,Cable flexible encauchetado. Certificado RETIE.,https://interelectricas.com.co/40971-home_default/cable-de-cobre-encauchetado-4-x-6-awg-de-metro.jpg,Cables y Alambres,,"Procables, Centelsa, Conalcables"
Cables Encauchetados y de Control,Cable Encauchetado 4 x 4 AWG Cobre,"Cable encauchetado de 4 conductores calibre 4 AWG en cobre flexible. Los hilos van aislados en PVC con nailon y todo el conjunto lleva una chaqueta exterior de PVC —de ahí el nombre ""encauchetado""—, que es lo que le permite aguantar arrastre, pisadas y trato duro sin pelarse. En estos calibres ya sirve además como cable de fuerza y control: va en bandeja portacable (CT), enterrado directo (DB), en bombas sumergibles (SWP) y en instalación a la vista (ER). Diámetro 24,51 mm, masa 1180 kg/km. Conduce 95 A a 90 °C (70 A por criterio RETIE/NTC 2050). Retardante a la llama, resistente al aceite, al sol y a la abrasión. Cumple UL 1277, UL 83, UL 758, NTC 5521, NTC 5916, NTC 1332 y RETIE.",,4x4,600 V,90 °C,Cable flexible encauchetado. Certificado RETIE.,https://interelectricas.com.co/40976-home_default/cable-de-cobre-encauchetado-4-x-4-awg-metro.jpg,Cables y Alambres,,"Procables, Centelsa, Conalcables"
Cables Encauchetados y de Control,Cable Encauchetado 4 x 2 AWG Cobre,"Cable encauchetado de 4 conductores calibre 2 AWG en cobre flexible. Los hilos van aislados en PVC con nailon y todo el conjunto lleva una chaqueta exterior de PVC —de ahí el nombre ""encauchetado""—, que es lo que le permite aguantar arrastre, pisadas y trato duro sin pelarse. En estos calibres ya sirve además como cable de fuerza y control: va en bandeja portacable (CT), enterrado directo (DB), en bombas sumergibles (SWP) y en instalación a la vista (ER). Diámetro 29,15 mm, masa 1768 kg/km. Conduce 130 A a 90 °C (95 A por criterio RETIE/NTC 2050). Retardante a la llama, resistente al aceite, al sol y a la abrasión. Cumple UL 1277, UL 83, UL 758, NTC 5521, NTC 5916, NTC 1332 y RETIE.",,4x2,600 V,90 °C,Cable flexible encauchetado. Certificado RETIE.,https://interelectricas.com.co/40977-home_default/cable-de-cobre-encauchetado-4-x-2-awg-metro.jpg,Cables y Alambres,,"Procables, Centelsa, Conalcables"
Cables Encauchetados y de Control,Cable Encauchetado 5 x 14 AWG Cobre,"Cable encauchetado de 5 conductores calibre 14 AWG en cobre flexible. Los hilos van aislados en PVC con nailon y todo el conjunto lleva una chaqueta exterior de PVC —de ahí el nombre ""encauchetado""—, que es lo que le permite aguantar arrastre, pisadas y trato duro sin pelarse. Es el cable de la extensión y de la herramienta que se mueve: soldadores, taladros, pulidoras, guadañas y todo equipo portátil de obra. Diámetro 9,52 mm, masa 166 kg/km. Conduce 25 A a 90 °C (15 A por criterio RETIE/NTC 2050). Retardante a la llama, resistente al aceite, al sol y a la abrasión. Cumple UL 1277, UL 83, UL 758, NTC 5521, NTC 5916, NTC 1332 y RETIE.",,5x14,600 V,90 °C,Cable flexible encauchetado. Certificado RETIE.,,Cables y Alambres,,"Procables, Centelsa, Conalcables"
Cables Encauchetados y de Control,Cable Encauchetado 5 x 12 AWG Cobre,"Cable encauchetado de 5 conductores calibre 12 AWG en cobre flexible. Los hilos van aislados en PVC con nailon y todo el conjunto lleva una chaqueta exterior de PVC —de ahí el nombre ""encauchetado""—, que es lo que le permite aguantar arrastre, pisadas y trato duro sin pelarse. En estos calibres ya sirve además como cable de fuerza y control: va en bandeja portacable (CT), enterrado directo (DB), en bombas sumergibles (SWP) y en instalación a la vista (ER). Diámetro 11,62 mm, masa 257 kg/km. Conduce 30 A a 90 °C (20 A por criterio RETIE/NTC 2050). Retardante a la llama, resistente al aceite, al sol y a la abrasión. Cumple UL 1277, UL 83, UL 758, NTC 5521, NTC 5916, NTC 1332 y RETIE.",,5x12,600 V,90 °C,Cable flexible encauchetado. Certificado RETIE.,,Cables y Alambres,,"Procables, Centelsa, Conalcables"
Cables Encauchetados y de Control,Cable Encauchetado 5 x 10 AWG Cobre,"Cable encauchetado de 5 conductores calibre 10 AWG en cobre flexible. Los hilos van aislados en PVC con nailon y todo el conjunto lleva una chaqueta exterior de PVC —de ahí el nombre ""encauchetado""—, que es lo que le permite aguantar arrastre, pisadas y trato duro sin pelarse. En estos calibres ya sirve además como cable de fuerza y control: va en bandeja portacable (CT), enterrado directo (DB), en bombas sumergibles (SWP) y en instalación a la vista (ER). Diámetro 13,86 mm, masa 387 kg/km. Conduce 40 A a 90 °C (30 A por criterio RETIE/NTC 2050). Retardante a la llama, resistente al aceite, al sol y a la abrasión. Cumple UL 1277, UL 83, UL 758, NTC 5521, NTC 5916, NTC 1332 y RETIE.",,5x10,600 V,90 °C,Cable flexible encauchetado. Certificado RETIE.,,Cables y Alambres,,"Procables, Centelsa, Conalcables"
Cables Encauchetados y de Control,Cable Encauchetado 5 x 8 AWG Cobre,"Cable encauchetado de 5 conductores calibre 8 AWG en cobre flexible. Los hilos van aislados en PVC con nailon y todo el conjunto lleva una chaqueta exterior de PVC —de ahí el nombre ""encauchetado""—, que es lo que le permite aguantar arrastre, pisadas y trato duro sin pelarse. En estos calibres ya sirve además como cable de fuerza y control: va en bandeja portacable (CT), enterrado directo (DB), en bombas sumergibles (SWP) y en instalación a la vista (ER). Diámetro 19,20 mm, masa 681 kg/km. Conduce 55 A a 90 °C (40 A por criterio RETIE/NTC 2050). Retardante a la llama, resistente al aceite, al sol y a la abrasión. Cumple UL 1277, UL 83, UL 758, NTC 5521, NTC 5916, NTC 1332 y RETIE.",,5x8,600 V,90 °C,Cable flexible encauchetado. Certificado RETIE.,,Cables y Alambres,,"Procables, Centelsa, Conalcables"
Cables Encauchetados y de Control,Cable Dúplex SPT 2 x 18 AWG,"Cable dúplex SPT de dos conductores paralelos calibre 18 AWG en cobre recocido, aislados juntos en PVC, con membrana de separación y una vena de polarización para identificar la fase. Es el cable liviano de las extensiones caseras y de los cordones de electrodomésticos, lámparas y equipos de oficina. Muy flexible y retardante a la llama. Dimensiones 2,5x4,9 mm, masa 25,9 kg/km, capacidad 10 A. Su uso está definido en la sección 400 de la NTC 2050. Cumple NTC 5521 y RETIE.",,2x18,300 V,60 °C,Cable dúplex de servicio liviano.,,Cables y Alambres,"Negro, Blanco, Marrón, Gris",Procables
Cables Encauchetados y de Control,Cable Dúplex SPT 2 x 16 AWG,"Cable dúplex SPT de dos conductores paralelos calibre 16 AWG en cobre recocido, aislados juntos en PVC, con membrana de separación y una vena de polarización para identificar la fase. Es el cable liviano de las extensiones caseras y de los cordones de electrodomésticos, lámparas y equipos de oficina. Muy flexible y retardante a la llama. Dimensiones 2,8x5,6 mm, masa 36,9 kg/km, capacidad 13 A. Su uso está definido en la sección 400 de la NTC 2050. Cumple NTC 5521 y RETIE.",,2x16,300 V,60 °C,Cable dúplex de servicio liviano.,,Cables y Alambres,"Negro, Blanco, Marrón, Gris",Procables
Cables Encauchetados y de Control,Cable Dúplex SPT 2 x 14 AWG,"Cable dúplex SPT de dos conductores paralelos calibre 14 AWG en cobre recocido, aislados juntos en PVC, con membrana de separación y una vena de polarización para identificar la fase. Es el cable liviano de las extensiones caseras y de los cordones de electrodomésticos, lámparas y equipos de oficina. Muy flexible y retardante a la llama. Dimensiones 3,2x6,3 mm, masa 53,0 kg/km, capacidad 20 A. Su uso está definido en la sección 400 de la NTC 2050. Cumple NTC 5521 y RETIE.",,2x14,300 V,60 °C,Cable dúplex de servicio liviano.,,Cables y Alambres,"Negro, Blanco, Marrón, Gris",Procables
Cables Encauchetados y de Control,Cable Dúplex SPT 2 x 12 AWG,"Cable dúplex SPT de dos conductores paralelos calibre 12 AWG en cobre recocido, aislados juntos en PVC, con membrana de separación y una vena de polarización para identificar la fase. Es el cable liviano de las extensiones caseras y de los cordones de electrodomésticos, lámparas y equipos de oficina. Muy flexible y retardante a la llama. Dimensiones 3,7x7,3 mm, masa 77,9 kg/km, capacidad 25 A. Su uso está definido en la sección 400 de la NTC 2050. Cumple NTC 5521 y RETIE.",,2x12,300 V,60 °C,Cable dúplex de servicio liviano.,,Cables y Alambres,"Negro, Blanco, Marrón, Gris",Procables
Cables Encauchetados y de Control,Cable Dúplex SPT 2 x 10 AWG,"Cable dúplex SPT de dos conductores paralelos calibre 10 AWG en cobre recocido, aislados juntos en PVC, con membrana de separación y una vena de polarización para identificar la fase. Es el cable liviano de las extensiones caseras y de los cordones de electrodomésticos, lámparas y equipos de oficina. Muy flexible y retardante a la llama. Dimensiones 4,5x9,0 mm, masa 122,3 kg/km, capacidad 30 A. Su uso está definido en la sección 400 de la NTC 2050. Cumple NTC 5521 y RETIE.",,2x10,300 V,60 °C,Cable dúplex de servicio liviano.,,Cables y Alambres,"Negro, Blanco, Marrón, Gris",Procables
Cables Encauchetados y de Control,Cable de Control CT 3 x 14 AWG,"Cable de control de 3 conductores calibre 14 AWG en cobre clase B, cada uno aislado en PVC, con envoltura de cinta de poliéster y chaqueta de PVC. Se usa para llevar señales y mando entre dispositivos de protección, tableros y equipos en subestaciones y plantas industriales: en vez de tender varios cables sueltos, se tiende uno solo con todos los hilos identificados. Diámetro 9,9 mm, masa 144 kg/km. Va en ducto, cárcamo, bandeja portacable o enterrado directo. Bajo pedido se consigue con pantalla en hilos de cobre para ambientes con ruido eléctrico. Cumple UL 1277, NTC 3942 y RETIE.",,3x14,600 V,90 °C,Multiconductor con chaqueta y cinta de poliéster.,,Cables y Alambres,,"Procables, Centelsa"
Cables Encauchetados y de Control,Cable de Control CT 3 x 12 AWG,"Cable de control de 3 conductores calibre 12 AWG en cobre clase B, cada uno aislado en PVC, con envoltura de cinta de poliéster y chaqueta de PVC. Se usa para llevar señales y mando entre dispositivos de protección, tableros y equipos en subestaciones y plantas industriales: en vez de tender varios cables sueltos, se tiende uno solo con todos los hilos identificados. Diámetro 10,9 mm, masa 193 kg/km. Va en ducto, cárcamo, bandeja portacable o enterrado directo. Bajo pedido se consigue con pantalla en hilos de cobre para ambientes con ruido eléctrico. Cumple UL 1277, NTC 3942 y RETIE.",,3x12,600 V,90 °C,Multiconductor con chaqueta y cinta de poliéster.,,Cables y Alambres,,"Procables, Centelsa"
Cables Encauchetados y de Control,Cable de Control CT 3 x 10 AWG,"Cable de control de 3 conductores calibre 10 AWG en cobre clase B, cada uno aislado en PVC, con envoltura de cinta de poliéster y chaqueta de PVC. Se usa para llevar señales y mando entre dispositivos de protección, tableros y equipos en subestaciones y plantas industriales: en vez de tender varios cables sueltos, se tiende uno solo con todos los hilos identificados. Diámetro 12,2 mm, masa 267 kg/km. Va en ducto, cárcamo, bandeja portacable o enterrado directo. Bajo pedido se consigue con pantalla en hilos de cobre para ambientes con ruido eléctrico. Cumple UL 1277, NTC 3942 y RETIE.",,3x10,600 V,90 °C,Multiconductor con chaqueta y cinta de poliéster.,,Cables y Alambres,,"Procables, Centelsa"
Cables Encauchetados y de Control,Cable de Control CT 4 x 14 AWG,"Cable de control de 4 conductores calibre 14 AWG en cobre clase B, cada uno aislado en PVC, con envoltura de cinta de poliéster y chaqueta de PVC. Se usa para llevar señales y mando entre dispositivos de protección, tableros y equipos en subestaciones y plantas industriales: en vez de tender varios cables sueltos, se tiende uno solo con todos los hilos identificados. Diámetro 10,7 mm, masa 169 kg/km. Va en ducto, cárcamo, bandeja portacable o enterrado directo. Bajo pedido se consigue con pantalla en hilos de cobre para ambientes con ruido eléctrico. Cumple UL 1277, NTC 3942 y RETIE.",,4x14,600 V,90 °C,Multiconductor con chaqueta y cinta de poliéster.,,Cables y Alambres,,"Procables, Centelsa"
Cables Encauchetados y de Control,Cable de Control CT 4 x 12 AWG,"Cable de control de 4 conductores calibre 12 AWG en cobre clase B, cada uno aislado en PVC, con envoltura de cinta de poliéster y chaqueta de PVC. Se usa para llevar señales y mando entre dispositivos de protección, tableros y equipos en subestaciones y plantas industriales: en vez de tender varios cables sueltos, se tiende uno solo con todos los hilos identificados. Diámetro 11,9 mm, masa 229 kg/km. Va en ducto, cárcamo, bandeja portacable o enterrado directo. Bajo pedido se consigue con pantalla en hilos de cobre para ambientes con ruido eléctrico. Cumple UL 1277, NTC 3942 y RETIE.",,4x12,600 V,90 °C,Multiconductor con chaqueta y cinta de poliéster.,,Cables y Alambres,,"Procables, Centelsa"
Cables Encauchetados y de Control,Cable de Control CT 4 x 10 AWG,"Cable de control de 4 conductores calibre 10 AWG en cobre clase B, cada uno aislado en PVC, con envoltura de cinta de poliéster y chaqueta de PVC. Se usa para llevar señales y mando entre dispositivos de protección, tableros y equipos en subestaciones y plantas industriales: en vez de tender varios cables sueltos, se tiende uno solo con todos los hilos identificados. Diámetro 14,2 mm, masa 344 kg/km. Va en ducto, cárcamo, bandeja portacable o enterrado directo. Bajo pedido se consigue con pantalla en hilos de cobre para ambientes con ruido eléctrico. Cumple UL 1277, NTC 3942 y RETIE.",,4x10,600 V,90 °C,Multiconductor con chaqueta y cinta de poliéster.,,Cables y Alambres,,"Procables, Centelsa"
Cables Encauchetados y de Control,Cable de Control CT 5 x 14 AWG,"Cable de control de 5 conductores calibre 14 AWG en cobre clase B, cada uno aislado en PVC, con envoltura de cinta de poliéster y chaqueta de PVC. Se usa para llevar señales y mando entre dispositivos de protección, tableros y equipos en subestaciones y plantas industriales: en vez de tender varios cables sueltos, se tiende uno solo con todos los hilos identificados. Diámetro 11,7 mm, masa 210 kg/km. Va en ducto, cárcamo, bandeja portacable o enterrado directo. Bajo pedido se consigue con pantalla en hilos de cobre para ambientes con ruido eléctrico. Cumple UL 1277, NTC 3942 y RETIE.",,5x14,600 V,90 °C,Multiconductor con chaqueta y cinta de poliéster.,,Cables y Alambres,,"Procables, Centelsa"
Cables Encauchetados y de Control,Cable de Control CT 5 x 12 AWG,"Cable de control de 5 conductores calibre 12 AWG en cobre clase B, cada uno aislado en PVC, con envoltura de cinta de poliéster y chaqueta de PVC. Se usa para llevar señales y mando entre dispositivos de protección, tableros y equipos en subestaciones y plantas industriales: en vez de tender varios cables sueltos, se tiende uno solo con todos los hilos identificados. Diámetro 13,0 mm, masa 286 kg/km. Va en ducto, cárcamo, bandeja portacable o enterrado directo. Bajo pedido se consigue con pantalla en hilos de cobre para ambientes con ruido eléctrico. Cumple UL 1277, NTC 3942 y RETIE.",,5x12,600 V,90 °C,Multiconductor con chaqueta y cinta de poliéster.,,Cables y Alambres,,"Procables, Centelsa"
Cables Encauchetados y de Control,Cable de Control CT 5 x 10 AWG,"Cable de control de 5 conductores calibre 10 AWG en cobre clase B, cada uno aislado en PVC, con envoltura de cinta de poliéster y chaqueta de PVC. Se usa para llevar señales y mando entre dispositivos de protección, tableros y equipos en subestaciones y plantas industriales: en vez de tender varios cables sueltos, se tiende uno solo con todos los hilos identificados. Diámetro 15,5 mm, masa 429 kg/km. Va en ducto, cárcamo, bandeja portacable o enterrado directo. Bajo pedido se consigue con pantalla en hilos de cobre para ambientes con ruido eléctrico. Cumple UL 1277, NTC 3942 y RETIE.",,5x10,600 V,90 °C,Multiconductor con chaqueta y cinta de poliéster.,,Cables y Alambres,,"Procables, Centelsa"
Cables Encauchetados y de Control,Cable de Control CT 7 x 14 AWG,"Cable de control de 7 conductores calibre 14 AWG en cobre clase B, cada uno aislado en PVC, con envoltura de cinta de poliéster y chaqueta de PVC. Se usa para llevar señales y mando entre dispositivos de protección, tableros y equipos en subestaciones y plantas industriales: en vez de tender varios cables sueltos, se tiende uno solo con todos los hilos identificados. Diámetro 12,8 mm, masa 268 kg/km. Va en ducto, cárcamo, bandeja portacable o enterrado directo. Bajo pedido se consigue con pantalla en hilos de cobre para ambientes con ruido eléctrico. Cumple UL 1277, NTC 3942 y RETIE.",,7x14,600 V,90 °C,Multiconductor con chaqueta y cinta de poliéster.,,Cables y Alambres,,"Procables, Centelsa"
Cables Encauchetados y de Control,Cable de Control CT 7 x 12 AWG,"Cable de control de 7 conductores calibre 12 AWG en cobre clase B, cada uno aislado en PVC, con envoltura de cinta de poliéster y chaqueta de PVC. Se usa para llevar señales y mando entre dispositivos de protección, tableros y equipos en subestaciones y plantas industriales: en vez de tender varios cables sueltos, se tiende uno solo con todos los hilos identificados. Diámetro 15,0 mm, masa 395 kg/km. Va en ducto, cárcamo, bandeja portacable o enterrado directo. Bajo pedido se consigue con pantalla en hilos de cobre para ambientes con ruido eléctrico. Cumple UL 1277, NTC 3942 y RETIE.",,7x12,600 V,90 °C,Multiconductor con chaqueta y cinta de poliéster.,,Cables y Alambres,,"Procables, Centelsa"
Cables Encauchetados y de Control,Cable de Control CT 7 x 10 AWG,"Cable de control de 7 conductores calibre 10 AWG en cobre clase B, cada uno aislado en PVC, con envoltura de cinta de poliéster y chaqueta de PVC. Se usa para llevar señales y mando entre dispositivos de protección, tableros y equipos en subestaciones y plantas industriales: en vez de tender varios cables sueltos, se tiende uno solo con todos los hilos identificados. Diámetro 16,8 mm, masa 555 kg/km. Va en ducto, cárcamo, bandeja portacable o enterrado directo. Bajo pedido se consigue con pantalla en hilos de cobre para ambientes con ruido eléctrico. Cumple UL 1277, NTC 3942 y RETIE.",,7x10,600 V,90 °C,Multiconductor con chaqueta y cinta de poliéster.,,Cables y Alambres,,"Procables, Centelsa"
Cables Encauchetados y de Control,Cable de Control CT 10 x 14 AWG,"Cable de control de 10 conductores calibre 14 AWG en cobre clase B, cada uno aislado en PVC, con envoltura de cinta de poliéster y chaqueta de PVC. Se usa para llevar señales y mando entre dispositivos de protección, tableros y equipos en subestaciones y plantas industriales: en vez de tender varios cables sueltos, se tiende uno solo con todos los hilos identificados. Diámetro 17,0 mm, masa 417 kg/km. Va en ducto, cárcamo, bandeja portacable o enterrado directo. Bajo pedido se consigue con pantalla en hilos de cobre para ambientes con ruido eléctrico. Cumple UL 1277, NTC 3942 y RETIE.",,10x14,600 V,90 °C,Multiconductor con chaqueta y cinta de poliéster.,,Cables y Alambres,,"Procables, Centelsa"
Cables Encauchetados y de Control,Cable de Control CT 10 x 12 AWG,"Cable de control de 10 conductores calibre 12 AWG en cobre clase B, cada uno aislado en PVC, con envoltura de cinta de poliéster y chaqueta de PVC. Se usa para llevar señales y mando entre dispositivos de protección, tableros y equipos en subestaciones y plantas industriales: en vez de tender varios cables sueltos, se tiende uno solo con todos los hilos identificados. Diámetro 18,9 mm, masa 569 kg/km. Va en ducto, cárcamo, bandeja portacable o enterrado directo. Bajo pedido se consigue con pantalla en hilos de cobre para ambientes con ruido eléctrico. Cumple UL 1277, NTC 3942 y RETIE.",,10x12,600 V,90 °C,Multiconductor con chaqueta y cinta de poliéster.,,Cables y Alambres,,"Procables, Centelsa"
Cables Encauchetados y de Control,Cable de Control CT 10 x 10 AWG,"Cable de control de 10 conductores calibre 10 AWG en cobre clase B, cada uno aislado en PVC, con envoltura de cinta de poliéster y chaqueta de PVC. Se usa para llevar señales y mando entre dispositivos de protección, tableros y equipos en subestaciones y plantas industriales: en vez de tender varios cables sueltos, se tiende uno solo con todos los hilos identificados. Diámetro 22,4 mm, masa 851 kg/km. Va en ducto, cárcamo, bandeja portacable o enterrado directo. Bajo pedido se consigue con pantalla en hilos de cobre para ambientes con ruido eléctrico. Cumple UL 1277, NTC 3942 y RETIE.",,10x10,600 V,90 °C,Multiconductor con chaqueta y cinta de poliéster.,,Cables y Alambres,,"Procables, Centelsa"
Cables Encauchetados y de Control,Cable de Control CT 12 x 14 AWG,"Cable de control de 12 conductores calibre 14 AWG en cobre clase B, cada uno aislado en PVC, con envoltura de cinta de poliéster y chaqueta de PVC. Se usa para llevar señales y mando entre dispositivos de protección, tableros y equipos en subestaciones y plantas industriales: en vez de tender varios cables sueltos, se tiende uno solo con todos los hilos identificados. Diámetro 17,5 mm, masa 466 kg/km. Va en ducto, cárcamo, bandeja portacable o enterrado directo. Bajo pedido se consigue con pantalla en hilos de cobre para ambientes con ruido eléctrico. Cumple UL 1277, NTC 3942 y RETIE.",,12x14,600 V,90 °C,Multiconductor con chaqueta y cinta de poliéster.,,Cables y Alambres,,"Procables, Centelsa"
Cables Encauchetados y de Control,Cable de Control CT 12 x 12 AWG,"Cable de control de 12 conductores calibre 12 AWG en cobre clase B, cada uno aislado en PVC, con envoltura de cinta de poliéster y chaqueta de PVC. Se usa para llevar señales y mando entre dispositivos de protección, tableros y equipos en subestaciones y plantas industriales: en vez de tender varios cables sueltos, se tiende uno solo con todos los hilos identificados. Diámetro 19,5 mm, masa 642 kg/km. Va en ducto, cárcamo, bandeja portacable o enterrado directo. Bajo pedido se consigue con pantalla en hilos de cobre para ambientes con ruido eléctrico. Cumple UL 1277, NTC 3942 y RETIE.",,12x12,600 V,90 °C,Multiconductor con chaqueta y cinta de poliéster.,,Cables y Alambres,,"Procables, Centelsa"
Cables Encauchetados y de Control,Cable de Control CT 12 x 10 AWG,"Cable de control de 12 conductores calibre 10 AWG en cobre clase B, cada uno aislado en PVC, con envoltura de cinta de poliéster y chaqueta de PVC. Se usa para llevar señales y mando entre dispositivos de protección, tableros y equipos en subestaciones y plantas industriales: en vez de tender varios cables sueltos, se tiende uno solo con todos los hilos identificados. Diámetro 23,1 mm, masa 962 kg/km. Va en ducto, cárcamo, bandeja portacable o enterrado directo. Bajo pedido se consigue con pantalla en hilos de cobre para ambientes con ruido eléctrico. Cumple UL 1277, NTC 3942 y RETIE.",,12x10,600 V,90 °C,Multiconductor con chaqueta y cinta de poliéster.,,Cables y Alambres,,"Procables, Centelsa"
Cables Encauchetados y de Control,Cable de Control CT 19 x 14 AWG,"Cable de control de 19 conductores calibre 14 AWG en cobre clase B, cada uno aislado en PVC, con envoltura de cinta de poliéster y chaqueta de PVC. Se usa para llevar señales y mando entre dispositivos de protección, tableros y equipos en subestaciones y plantas industriales: en vez de tender varios cables sueltos, se tiende uno solo con todos los hilos identificados. Diámetro 20,4 mm, masa 693 kg/km. Va en ducto, cárcamo, bandeja portacable o enterrado directo. Bajo pedido se consigue con pantalla en hilos de cobre para ambientes con ruido eléctrico. Cumple UL 1277, NTC 3942 y RETIE.",,19x14,600 V,90 °C,Multiconductor con chaqueta y cinta de poliéster.,,Cables y Alambres,,"Procables, Centelsa"
Cables Encauchetados y de Control,Cable de Control CT 19 x 12 AWG,"Cable de control de 19 conductores calibre 12 AWG en cobre clase B, cada uno aislado en PVC, con envoltura de cinta de poliéster y chaqueta de PVC. Se usa para llevar señales y mando entre dispositivos de protección, tableros y equipos en subestaciones y plantas industriales: en vez de tender varios cables sueltos, se tiende uno solo con todos los hilos identificados. Diámetro 23,9 mm, masa 1019 kg/km. Va en ducto, cárcamo, bandeja portacable o enterrado directo. Bajo pedido se consigue con pantalla en hilos de cobre para ambientes con ruido eléctrico. Cumple UL 1277, NTC 3942 y RETIE.",,19x12,600 V,90 °C,Multiconductor con chaqueta y cinta de poliéster.,,Cables y Alambres,,"Procables, Centelsa"
Cables Encauchetados y de Control,Cable de Control CT 19 x 10 AWG,"Cable de control de 19 conductores calibre 10 AWG en cobre clase B, cada uno aislado en PVC, con envoltura de cinta de poliéster y chaqueta de PVC. Se usa para llevar señales y mando entre dispositivos de protección, tableros y equipos en subestaciones y plantas industriales: en vez de tender varios cables sueltos, se tiende uno solo con todos los hilos identificados. Diámetro 26,9 mm, masa 1445 kg/km. Va en ducto, cárcamo, bandeja portacable o enterrado directo. Bajo pedido se consigue con pantalla en hilos de cobre para ambientes con ruido eléctrico. Cumple UL 1277, NTC 3942 y RETIE.",,19x10,600 V,90 °C,Multiconductor con chaqueta y cinta de poliéster.,,Cables y Alambres,,"Procables, Centelsa"
Cables Encauchetados y de Control,Cable Soldador (ET) No 6 AWG,"Cable soldador calibre 6 AWG con cobre flexible clase J y aislamiento en elastómero termoplástico (ET). Ese cobre clase J es de hilos finísimos: por eso el cable se enrolla y se arrastra todo el día sin fatigarse, que es justo lo que exige un equipo de soldadura. Diámetro 8,0 mm, masa 150 kg/km. Soporta 118 A trabajando por ciclos (85 % de ciclo de trabajo) y 105 A en servicio continuo. Además del portaelectrodo, se usa en bancos de baterías (UPS) y en servicio extrapesado. Resistente a la abrasión y retardante a la llama. Cumple NTC 6078, ASTM B-172, BS 638 y RETIE.",,6 AWG,600 V,105 °C,Cable soldador flexible clase J.,,Cables y Alambres,,"Procables, Centelsa"
Cables Encauchetados y de Control,Cable Soldador (ET) No 4 AWG,"Cable soldador calibre 4 AWG con cobre flexible clase J y aislamiento en elastómero termoplástico (ET). Ese cobre clase J es de hilos finísimos: por eso el cable se enrolla y se arrastra todo el día sin fatigarse, que es justo lo que exige un equipo de soldadura. Diámetro 9,1 mm, masa 225 kg/km. Soporta 161 A trabajando por ciclos (85 % de ciclo de trabajo) y 140 A en servicio continuo. Además del portaelectrodo, se usa en bancos de baterías (UPS) y en servicio extrapesado. Resistente a la abrasión y retardante a la llama. Cumple NTC 6078, ASTM B-172, BS 638 y RETIE.",,4 AWG,600 V,105 °C,Cable soldador flexible clase J.,,Cables y Alambres,,"Procables, Centelsa"
Cables Encauchetados y de Control,Cable Soldador (ET) No 2 AWG,"Cable soldador calibre 2 AWG con cobre flexible clase J y aislamiento en elastómero termoplástico (ET). Ese cobre clase J es de hilos finísimos: por eso el cable se enrolla y se arrastra todo el día sin fatigarse, que es justo lo que exige un equipo de soldadura. Diámetro 10,7 mm, masa 340 kg/km. Soporta 220 A trabajando por ciclos (85 % de ciclo de trabajo) y 170 A en servicio continuo. Además del portaelectrodo, se usa en bancos de baterías (UPS) y en servicio extrapesado. Resistente a la abrasión y retardante a la llama. Cumple NTC 6078, ASTM B-172, BS 638 y RETIE.",,2 AWG,600 V,105 °C,Cable soldador flexible clase J.,,Cables y Alambres,,"Procables, Centelsa"
Cables Encauchetados y de Control,Cable Soldador (ET) No 1/0 AWG,"Cable soldador calibre 1/0 AWG con cobre flexible clase J y aislamiento en elastómero termoplástico (ET). Ese cobre clase J es de hilos finísimos: por eso el cable se enrolla y se arrastra todo el día sin fatigarse, que es justo lo que exige un equipo de soldadura. Diámetro 13,7 mm, masa 545 kg/km. Soporta 300 A trabajando por ciclos (85 % de ciclo de trabajo) y 260 A en servicio continuo. Además del portaelectrodo, se usa en bancos de baterías (UPS) y en servicio extrapesado. Resistente a la abrasión y retardante a la llama. Cumple NTC 6078, ASTM B-172, BS 638 y RETIE.",,1/0 AWG,600 V,105 °C,Cable soldador flexible clase J.,,Cables y Alambres,,"Procables, Centelsa"
Cables Encauchetados y de Control,Cable Soldador (ET) No 2/0 AWG,"Cable soldador calibre 2/0 AWG con cobre flexible clase J y aislamiento en elastómero termoplástico (ET). Ese cobre clase J es de hilos finísimos: por eso el cable se enrolla y se arrastra todo el día sin fatigarse, que es justo lo que exige un equipo de soldadura. Diámetro 15,0 mm, masa 670 kg/km. Soporta 351 A trabajando por ciclos (85 % de ciclo de trabajo) y 300 A en servicio continuo. Además del portaelectrodo, se usa en bancos de baterías (UPS) y en servicio extrapesado. Resistente a la abrasión y retardante a la llama. Cumple NTC 6078, ASTM B-172, BS 638 y RETIE.",,2/0 AWG,600 V,105 °C,Cable soldador flexible clase J.,,Cables y Alambres,,"Procables, Centelsa"
Cables Encauchetados y de Control,Cable Soldador (ET) No 4/0 AWG,"Cable soldador calibre 4/0 AWG con cobre flexible clase J y aislamiento en elastómero termoplástico (ET). Ese cobre clase J es de hilos finísimos: por eso el cable se enrolla y se arrastra todo el día sin fatigarse, que es justo lo que exige un equipo de soldadura. Diámetro 18,0 mm, masa 1030 kg/km. Soporta 478 A trabajando por ciclos (85 % de ciclo de trabajo) y 405 A en servicio continuo. Además del portaelectrodo, se usa en bancos de baterías (UPS) y en servicio extrapesado. Resistente a la abrasión y retardante a la llama. Cumple NTC 6078, ASTM B-172, BS 638 y RETIE.",,4/0 AWG,600 V,105 °C,Cable soldador flexible clase J.,,Cables y Alambres,,"Procables, Centelsa"
Cables de Acometida,Cable Acometida Tipo Trébol 3 x 6 + 8 AWG,"Cable de acometida tipo trébol 3 x 6 + 8 AWG: cuatro conductores de cobre aislados en PE, amarrados con cinta de fibra de vidrio y cubiertos con una chaqueta de PVC negro para intemperie. Es el cable que va desde la caja de derivación hasta el medidor, colgado a la vista, y por eso la chaqueta está hecha para aguantar sol y lluvia. Diámetro 19,18 mm, masa 639 kg/km. Conduce 65 A a 75 °C (55 A por criterio RETIE/NTC 2050). Cumple las especificaciones CODENSA ET-113 y ET-112, y el RETIE.",,3x6+8,600 V,75 °C,"Acometida trébol, tipo intemperie.",,Cables y Alambres,,Procables
Cables de Acometida,Cable Acometida Tipo Trébol 3 x 4 + 6 AWG,"Cable de acometida tipo trébol 3 x 4 + 6 AWG: cuatro conductores de cobre aislados en PE, amarrados con cinta de fibra de vidrio y cubiertos con una chaqueta de PVC negro para intemperie. Es el cable que va desde la caja de derivación hasta el medidor, colgado a la vista, y por eso la chaqueta está hecha para aguantar sol y lluvia. Diámetro 21,89 mm, masa 932 kg/km. Conduce 85 A a 75 °C (70 A por criterio RETIE/NTC 2050). Cumple las especificaciones CODENSA ET-113 y ET-112, y el RETIE.",,3x4+6,600 V,75 °C,"Acometida trébol, tipo intemperie.",,Cables y Alambres,,Procables
Cables de Acometida,Cable Acometida Tipo Trébol 3 x 2 + 4 AWG,"Cable de acometida tipo trébol 3 x 2 + 4 AWG: cuatro conductores de cobre aislados en PE, amarrados con cinta de fibra de vidrio y cubiertos con una chaqueta de PVC negro para intemperie. Es el cable que va desde la caja de derivación hasta el medidor, colgado a la vista, y por eso la chaqueta está hecha para aguantar sol y lluvia. Diámetro 28,81 mm, masa 1548 kg/km. Conduce 115 A a 75 °C (95 A por criterio RETIE/NTC 2050). Cumple las especificaciones CODENSA ET-113 y ET-112, y el RETIE.",,3x2+4,600 V,75 °C,"Acometida trébol, tipo intemperie.",,Cables y Alambres,,Procables
Cables de Acometida,Cable Acometida TSEC Antifraude 1 x 8 + 8 AWG (redonda),"Cable de acometida TSEC 1 x 8 + 8 AWG en cobre, configuración redonda. Las fases van aisladas y el neutro las rodea en espiral por fuera (neutro concéntrico), de modo que no hay forma de derivar la línea sin romper la cubierta. Es el cable normalizado para llevar la energía desde la red hasta el medidor. Chaqueta negra tipo intemperie con hilo de nailon para rasgar. Dimensión 9,6 mm, masa 213 kg/km. Conduce 55 A a 90 °C (40 A por criterio RETIE/NTC 2050). Cumple NTC 4564, UL 854, ICEA S-95-658 y RETIE.",,1x8+8,600 V,90 °C,Acometida antifraude con neutro concéntrico.,,Cables y Alambres,,Procables
Cables de Acometida,Cable Acometida TSEC Antifraude 2 x 8 + 8 AWG (plana),"Cable de acometida TSEC 2 x 8 + 8 AWG en cobre, configuración plana. Las fases van aisladas y el neutro las rodea en espiral por fuera (neutro concéntrico), de modo que no hay forma de derivar la línea sin romper la cubierta. Es el cable normalizado para llevar la energía desde la red hasta el medidor. Chaqueta negra tipo intemperie con hilo de nailon para rasgar. Dimensión 16,3 mm, masa 363 kg/km. Conduce 55 A a 90 °C (40 A por criterio RETIE/NTC 2050). Cumple NTC 4564, UL 854, ICEA S-95-658 y RETIE.",,2x8+8,600 V,90 °C,Acometida antifraude con neutro concéntrico.,,Cables y Alambres,,Procables
Cables de Acometida,Cable Acometida TSEC Antifraude 2 x 6 + 6 AWG (plana),"Cable de acometida TSEC 2 x 6 + 6 AWG en cobre, configuración plana. Las fases van aisladas y el neutro las rodea en espiral por fuera (neutro concéntrico), de modo que no hay forma de derivar la línea sin romper la cubierta. Es el cable normalizado para llevar la energía desde la red hasta el medidor. Chaqueta negra tipo intemperie con hilo de nailon para rasgar. Dimensión 18,5 mm, masa 520 kg/km. Conduce 75 A a 90 °C (55 A por criterio RETIE/NTC 2050). Cumple NTC 4564, UL 854, ICEA S-95-658 y RETIE.",,2x6+6,600 V,90 °C,Acometida antifraude con neutro concéntrico.,,Cables y Alambres,,Procables
Cables de Acometida,Cable Acometida TSEC Antifraude 2 x 4 + 4 AWG (plana),"Cable de acometida TSEC 2 x 4 + 4 AWG en cobre, configuración plana. Las fases van aisladas y el neutro las rodea en espiral por fuera (neutro concéntrico), de modo que no hay forma de derivar la línea sin romper la cubierta. Es el cable normalizado para llevar la energía desde la red hasta el medidor. Chaqueta negra tipo intemperie con hilo de nailon para rasgar. Dimensión 22,1 mm, masa 814 kg/km. Conduce 95 A a 90 °C (70 A por criterio RETIE/NTC 2050). Cumple NTC 4564, UL 854, ICEA S-95-658 y RETIE.",,2x4+4,600 V,90 °C,Acometida antifraude con neutro concéntrico.,,Cables y Alambres,,Procables
Cables de Acometida,Cable Acometida TSEC Antifraude 2 x 4 + 6 AWG (plana),"Cable de acometida TSEC 2 x 4 + 6 AWG en cobre, configuración plana. Las fases van aisladas y el neutro las rodea en espiral por fuera (neutro concéntrico), de modo que no hay forma de derivar la línea sin romper la cubierta. Es el cable normalizado para llevar la energía desde la red hasta el medidor. Chaqueta negra tipo intemperie con hilo de nailon para rasgar. Dimensión 21,6 mm, masa 726 kg/km. Conduce 95 A a 90 °C (70 A por criterio RETIE/NTC 2050). Cumple NTC 4564, UL 854, ICEA S-95-658 y RETIE.",,2x4+6,600 V,90 °C,Acometida antifraude con neutro concéntrico.,,Cables y Alambres,,Procables
Cables de Acometida,Cable Acometida TSEC Antifraude 3 x 8 + 8 AWG (redonda),"Cable de acometida TSEC 3 x 8 + 8 AWG en cobre, configuración redonda. Las fases van aisladas y el neutro las rodea en espiral por fuera (neutro concéntrico), de modo que no hay forma de derivar la línea sin romper la cubierta. Es el cable normalizado para llevar la energía desde la red hasta el medidor. Chaqueta negra tipo intemperie con hilo de nailon para rasgar. Dimensión 18,7 mm, masa 613 kg/km. Conduce 55 A a 90 °C (40 A por criterio RETIE/NTC 2050). Cumple NTC 4564, UL 854, ICEA S-95-658 y RETIE.",,3x8+8,600 V,90 °C,Acometida antifraude con neutro concéntrico.,,Cables y Alambres,,Procables
Cables de Acometida,Cable Acometida TSEC Antifraude Aluminio 1 x 6 + 6 AWG (redonda),"Cable de acometida TSEC 1 x 6 + 6 AWG en aluminio, configuración redonda. Las fases van aisladas en XLPE y el neutro las envuelve en espiral por fuera (neutro concéntrico): esa geometría es la que impide colgarse de la línea sin que se note, y por eso es el cable que exigen los operadores de red para la acometida hasta el medidor. Conductor compactado de aleación de aluminio serie 8000, chaqueta negra para intemperie con hilo de rasgado. Dimensión 11,14 mm, masa 153 kg/km. Conduce 60 A a 90 °C (40 A por criterio RETIE/NTC 2050). Frente al de cobre pesa menos y cuesta menos, a cambio de un calibre mayor para la misma corriente. Cumple NTC 4564, UL 854, ICEA S-95-658 y RETIE.",,1x6+6,600 V,90 °C,Acometida antifraude en aluminio con neutro concéntrico.,,Cables y Alambres,,"Procables, Centelsa"
Cables de Acometida,Cable Acometida TSEC Antifraude Aluminio 1 x 4 + 4 AWG (redonda),"Cable de acometida TSEC 1 x 4 + 4 AWG en aluminio, configuración redonda. Las fases van aisladas en XLPE y el neutro las envuelve en espiral por fuera (neutro concéntrico): esa geometría es la que impide colgarse de la línea sin que se note, y por eso es el cable que exigen los operadores de red para la acometida hasta el medidor. Conductor compactado de aleación de aluminio serie 8000, chaqueta negra para intemperie con hilo de rasgado. Dimensión 12,52 mm, masa 208 kg/km. Conduce 75 A a 90 °C (55 A por criterio RETIE/NTC 2050). Frente al de cobre pesa menos y cuesta menos, a cambio de un calibre mayor para la misma corriente. Cumple NTC 4564, UL 854, ICEA S-95-658 y RETIE.",,1x4+4,600 V,90 °C,Acometida antifraude en aluminio con neutro concéntrico.,,Cables y Alambres,,"Procables, Centelsa"
Cables de Acometida,Cable Acometida TSEC Antifraude Aluminio 1 x 2 + 2 AWG (redonda),"Cable de acometida TSEC 1 x 2 + 2 AWG en aluminio, configuración redonda. Las fases van aisladas en XLPE y el neutro las envuelve en espiral por fuera (neutro concéntrico): esa geometría es la que impide colgarse de la línea sin que se note, y por eso es el cable que exigen los operadores de red para la acometida hasta el medidor. Conductor compactado de aleación de aluminio serie 8000, chaqueta negra para intemperie con hilo de rasgado. Dimensión 15,46 mm, masa 325 kg/km. Conduce 100 A a 90 °C (75 A por criterio RETIE/NTC 2050). Frente al de cobre pesa menos y cuesta menos, a cambio de un calibre mayor para la misma corriente. Cumple NTC 4564, UL 854, ICEA S-95-658 y RETIE.",,1x2+2,600 V,90 °C,Acometida antifraude en aluminio con neutro concéntrico.,,Cables y Alambres,,"Procables, Centelsa"
Cables de Acometida,Cable Acometida TSEC Antifraude Aluminio 2 x 6 + 6 AWG (plana),"Cable de acometida TSEC 2 x 6 + 6 AWG en aluminio, configuración plana. Las fases van aisladas en XLPE y el neutro las envuelve en espiral por fuera (neutro concéntrico): esa geometría es la que impide colgarse de la línea sin que se note, y por eso es el cable que exigen los operadores de red para la acometida hasta el medidor. Conductor compactado de aleación de aluminio serie 8000, chaqueta negra para intemperie con hilo de rasgado. Dimensión 19,2 x 12,3 mm, masa 267 kg/km. Conduce 60 A a 90 °C (40 A por criterio RETIE/NTC 2050). Frente al de cobre pesa menos y cuesta menos, a cambio de un calibre mayor para la misma corriente. Cumple NTC 4564, UL 854, ICEA S-95-658 y RETIE.",,2x6+6,600 V,90 °C,Acometida antifraude en aluminio con neutro concéntrico.,,Cables y Alambres,,"Procables, Centelsa"
Cables de Acometida,Cable Acometida TSEC Antifraude Aluminio 2 x 4 + 4 AWG (plana),"Cable de acometida TSEC 2 x 4 + 4 AWG en aluminio, configuración plana. Las fases van aisladas en XLPE y el neutro las envuelve en espiral por fuera (neutro concéntrico): esa geometría es la que impide colgarse de la línea sin que se note, y por eso es el cable que exigen los operadores de red para la acometida hasta el medidor. Conductor compactado de aleación de aluminio serie 8000, chaqueta negra para intemperie con hilo de rasgado. Dimensión 22,6 x 14,5 mm, masa 402 kg/km. Conduce 75 A a 90 °C (55 A por criterio RETIE/NTC 2050). Frente al de cobre pesa menos y cuesta menos, a cambio de un calibre mayor para la misma corriente. Cumple NTC 4564, UL 854, ICEA S-95-658 y RETIE.",,2x4+4,600 V,90 °C,Acometida antifraude en aluminio con neutro concéntrico.,,Cables y Alambres,,"Procables, Centelsa"
Cables de Acometida,Cable Acometida TSEC Antifraude Aluminio 2 x 2 + 2 AWG (plana),"Cable de acometida TSEC 2 x 2 + 2 AWG en aluminio, configuración plana. Las fases van aisladas en XLPE y el neutro las envuelve en espiral por fuera (neutro concéntrico): esa geometría es la que impide colgarse de la línea sin que se note, y por eso es el cable que exigen los operadores de red para la acometida hasta el medidor. Conductor compactado de aleación de aluminio serie 8000, chaqueta negra para intemperie con hilo de rasgado. Dimensión 25,6 x 16,0 mm, masa 544 kg/km. Conduce 100 A a 90 °C (75 A por criterio RETIE/NTC 2050). Frente al de cobre pesa menos y cuesta menos, a cambio de un calibre mayor para la misma corriente. Cumple NTC 4564, UL 854, ICEA S-95-658 y RETIE.",,2x2+2,600 V,90 °C,Acometida antifraude en aluminio con neutro concéntrico.,,Cables y Alambres,,"Procables, Centelsa"
Cables Múltiplex de Aluminio,Cable Dúplex de Aluminio 4 AWG,"Cable múltiplex de aluminio calibre 4 AWG: una fase aisladas en XLPE que van trenzadas alrededor de un neutro mensajero, el cual carga mecánicamente todo el conjunto. Por eso se tiende de poste a poste sin necesidad de un cable de acero aparte. Es la red aérea secundaria, la que sale del transformador hacia las acometidas del barrio. El XLPE aguanta sol, lluvia y radiación UV sin cuartearse. Diámetro 14,4 mm, masa 174 kg/km, capacidad 110 A. Opera a 600 V y 90 °C. Cumple ICEA S 76-474, NTC 5346 y RETIE.",,4 AWG,600 V,90 °C,Múltiplex aéreo: 1 fase + neutro mensajero.,,Cables y Alambres,,"Procables, Centelsa"
Cables Múltiplex de Aluminio,Cable Dúplex de Aluminio 2 AWG,"Cable múltiplex de aluminio calibre 2 AWG: una fase aisladas en XLPE que van trenzadas alrededor de un neutro mensajero, el cual carga mecánicamente todo el conjunto. Por eso se tiende de poste a poste sin necesidad de un cable de acero aparte. Es la red aérea secundaria, la que sale del transformador hacia las acometidas del barrio. El XLPE aguanta sol, lluvia y radiación UV sin cuartearse. Diámetro 17,5 mm, masa 267 kg/km, capacidad 150 A. Opera a 600 V y 90 °C. Cumple ICEA S 76-474, NTC 5346 y RETIE.",,2 AWG,600 V,90 °C,Múltiplex aéreo: 1 fase + neutro mensajero.,,Cables y Alambres,,"Procables, Centelsa"
Cables Múltiplex de Aluminio,Cable Dúplex de Aluminio 1/0 AWG,"Cable múltiplex de aluminio calibre 1/0 AWG: una fase aisladas en XLPE que van trenzadas alrededor de un neutro mensajero, el cual carga mecánicamente todo el conjunto. Por eso se tiende de poste a poste sin necesidad de un cable de acero aparte. Es la red aérea secundaria, la que sale del transformador hacia las acometidas del barrio. El XLPE aguanta sol, lluvia y radiación UV sin cuartearse. Diámetro 22,46 mm, masa 429 kg/km, capacidad 200 A. Opera a 600 V y 90 °C. Cumple ICEA S 76-474, NTC 5346 y RETIE.",,1/0 AWG,600 V,90 °C,Múltiplex aéreo: 1 fase + neutro mensajero.,,Cables y Alambres,,"Procables, Centelsa"
Cables Múltiplex de Aluminio,Cable Tríplex de Aluminio 4 AWG,"Cable múltiplex de aluminio calibre 4 AWG: dos fases aisladas en XLPE que van trenzadas alrededor de un neutro mensajero, el cual carga mecánicamente todo el conjunto. Por eso se tiende de poste a poste sin necesidad de un cable de acero aparte. Es la red aérea secundaria, la que sale del transformador hacia las acometidas del barrio. El XLPE aguanta sol, lluvia y radiación UV sin cuartearse. Diámetro 17,0 mm, masa 262 kg/km, capacidad 100 A. Opera a 600 V y 90 °C. Cumple ICEA S 76-474, NTC 5346 y RETIE.",,4 AWG,600 V,90 °C,Múltiplex aéreo: 2 fases + neutro mensajero.,,Cables y Alambres,,"Procables, Centelsa"
Cables Múltiplex de Aluminio,Cable Tríplex de Aluminio 2 AWG,"Cable múltiplex de aluminio calibre 2 AWG: dos fases aisladas en XLPE que van trenzadas alrededor de un neutro mensajero, el cual carga mecánicamente todo el conjunto. Por eso se tiende de poste a poste sin necesidad de un cable de acero aparte. Es la red aérea secundaria, la que sale del transformador hacia las acometidas del barrio. El XLPE aguanta sol, lluvia y radiación UV sin cuartearse. Diámetro 20,1 mm, masa 347 kg/km, capacidad 135 A. Opera a 600 V y 90 °C. Cumple ICEA S 76-474, NTC 5346 y RETIE.",,2 AWG,600 V,90 °C,Múltiplex aéreo: 2 fases + neutro mensajero.,,Cables y Alambres,,"Procables, Centelsa"
Cables Múltiplex de Aluminio,Cable Tríplex de Aluminio 1/0 AWG,"Cable múltiplex de aluminio calibre 1/0 AWG: dos fases aisladas en XLPE que van trenzadas alrededor de un neutro mensajero, el cual carga mecánicamente todo el conjunto. Por eso se tiende de poste a poste sin necesidad de un cable de acero aparte. Es la red aérea secundaria, la que sale del transformador hacia las acometidas del barrio. El XLPE aguanta sol, lluvia y radiación UV sin cuartearse. Diámetro 25,19 mm, masa 616 kg/km, capacidad 184 A. Opera a 600 V y 90 °C. Cumple ICEA S 76-474, NTC 5346 y RETIE.",,1/0 AWG,600 V,90 °C,Múltiplex aéreo: 2 fases + neutro mensajero.,,Cables y Alambres,,"Procables, Centelsa"
Cables Múltiplex de Aluminio,Cable Tríplex de Aluminio 2/0 AWG,"Cable múltiplex de aluminio calibre 2/0 AWG: dos fases aisladas en XLPE que van trenzadas alrededor de un neutro mensajero, el cual carga mecánicamente todo el conjunto. Por eso se tiende de poste a poste sin necesidad de un cable de acero aparte. Es la red aérea secundaria, la que sale del transformador hacia las acometidas del barrio. El XLPE aguanta sol, lluvia y radiación UV sin cuartearse. Diámetro 27,62 mm, masa 787 kg/km, capacidad 212 A. Opera a 600 V y 90 °C. Cumple ICEA S 76-474, NTC 5346 y RETIE.",,2/0 AWG,600 V,90 °C,Múltiplex aéreo: 2 fases + neutro mensajero.,,Cables y Alambres,,"Procables, Centelsa"
Cables Múltiplex de Aluminio,Cable Tríplex de Aluminio 3/0 AWG,"Cable múltiplex de aluminio calibre 3/0 AWG: dos fases aisladas en XLPE que van trenzadas alrededor de un neutro mensajero, el cual carga mecánicamente todo el conjunto. Por eso se tiende de poste a poste sin necesidad de un cable de acero aparte. Es la red aérea secundaria, la que sale del transformador hacia las acometidas del barrio. El XLPE aguanta sol, lluvia y radiación UV sin cuartearse. Diámetro 31,0 mm, masa 967 kg/km, capacidad 246 A. Opera a 600 V y 90 °C. Cumple ICEA S 76-474, NTC 5346 y RETIE.",,3/0 AWG,600 V,90 °C,Múltiplex aéreo: 2 fases + neutro mensajero.,,Cables y Alambres,,"Procables, Centelsa"
Cables Múltiplex de Aluminio,Cable Tríplex de Aluminio 4/0 AWG,"Cable múltiplex de aluminio calibre 4/0 AWG: dos fases aisladas en XLPE que van trenzadas alrededor de un neutro mensajero, el cual carga mecánicamente todo el conjunto. Por eso se tiende de poste a poste sin necesidad de un cable de acero aparte. Es la red aérea secundaria, la que sale del transformador hacia las acometidas del barrio. El XLPE aguanta sol, lluvia y radiación UV sin cuartearse. Diámetro 33,9 mm, masa 1200 kg/km, capacidad 288 A. Opera a 600 V y 90 °C. Cumple ICEA S 76-474, NTC 5346 y RETIE.",,4/0 AWG,600 V,90 °C,Múltiplex aéreo: 2 fases + neutro mensajero.,,Cables y Alambres,,"Procables, Centelsa"
Cables Múltiplex de Aluminio,Cable Cuádruplex de Aluminio 4 AWG,"Cable múltiplex de aluminio calibre 4 AWG: tres fases aisladas en XLPE que van trenzadas alrededor de un neutro mensajero, el cual carga mecánicamente todo el conjunto. Por eso se tiende de poste a poste sin necesidad de un cable de acero aparte. Es la red aérea trifásica de baja tensión: la que sale del transformador y recorre el barrio alimentando las acometidas. El XLPE aguanta sol, lluvia y radiación UV sin cuartearse. Diámetro 18,6 mm, masa 350 kg/km, capacidad 100 A. Opera a 600 V y 90 °C. Cumple ICEA S 76-474, NTC 5346 y RETIE.",,4 AWG,600 V,90 °C,Múltiplex aéreo: 3 fases + neutro mensajero.,,Cables y Alambres,,"Procables, Centelsa"
Cables Múltiplex de Aluminio,Cable Cuádruplex de Aluminio 2 AWG,"Cable múltiplex de aluminio calibre 2 AWG: tres fases aisladas en XLPE que van trenzadas alrededor de un neutro mensajero, el cual carga mecánicamente todo el conjunto. Por eso se tiende de poste a poste sin necesidad de un cable de acero aparte. Es la red aérea trifásica de baja tensión: la que sale del transformador y recorre el barrio alimentando las acometidas. El XLPE aguanta sol, lluvia y radiación UV sin cuartearse. Diámetro 22,0 mm, masa 528 kg/km, capacidad 135 A. Opera a 600 V y 90 °C. Cumple ICEA S 76-474, NTC 5346 y RETIE.",,2 AWG,600 V,90 °C,Múltiplex aéreo: 3 fases + neutro mensajero.,,Cables y Alambres,,"Procables, Centelsa"
Cables Múltiplex de Aluminio,Cable Cuádruplex de Aluminio 1/0 AWG,"Cable múltiplex de aluminio calibre 1/0 AWG: tres fases aisladas en XLPE que van trenzadas alrededor de un neutro mensajero, el cual carga mecánicamente todo el conjunto. Por eso se tiende de poste a poste sin necesidad de un cable de acero aparte. Es la red aérea trifásica de baja tensión: la que sale del transformador y recorre el barrio alimentando las acometidas. El XLPE aguanta sol, lluvia y radiación UV sin cuartearse. Diámetro 28,4 mm, masa 839 kg/km, capacidad 184 A. Opera a 600 V y 90 °C. Cumple ICEA S 76-474, NTC 5346 y RETIE.",,1/0 AWG,600 V,90 °C,Múltiplex aéreo: 3 fases + neutro mensajero.,,Cables y Alambres,,"Procables, Centelsa"
Cables Múltiplex de Aluminio,Cable Cuádruplex de Aluminio 2/0 AWG,"Cable múltiplex de aluminio calibre 2/0 AWG: tres fases aisladas en XLPE que van trenzadas alrededor de un neutro mensajero, el cual carga mecánicamente todo el conjunto. Por eso se tiende de poste a poste sin necesidad de un cable de acero aparte. Es la red aérea trifásica de baja tensión: la que sale del transformador y recorre el barrio alimentando las acometidas. El XLPE aguanta sol, lluvia y radiación UV sin cuartearse. Diámetro 31,0 mm, masa 1034 kg/km, capacidad 212 A. Opera a 600 V y 90 °C. Cumple ICEA S 76-474, NTC 5346 y RETIE.",,2/0 AWG,600 V,90 °C,Múltiplex aéreo: 3 fases + neutro mensajero.,,Cables y Alambres,,"Procables, Centelsa"
Cables Múltiplex de Aluminio,Cable Cuádruplex de Aluminio 3/0 AWG,"Cable múltiplex de aluminio calibre 3/0 AWG: tres fases aisladas en XLPE que van trenzadas alrededor de un neutro mensajero, el cual carga mecánicamente todo el conjunto. Por eso se tiende de poste a poste sin necesidad de un cable de acero aparte. Es la red aérea trifásica de baja tensión: la que sale del transformador y recorre el barrio alimentando las acometidas. El XLPE aguanta sol, lluvia y radiación UV sin cuartearse. Diámetro 34,0 mm, masa 1278 kg/km, capacidad 246 A. Opera a 600 V y 90 °C. Cumple ICEA S 76-474, NTC 5346 y RETIE.",,3/0 AWG,600 V,90 °C,Múltiplex aéreo: 3 fases + neutro mensajero.,,Cables y Alambres,,"Procables, Centelsa"
Cables Múltiplex de Aluminio,Cable Cuádruplex de Aluminio 4/0 AWG,"Cable múltiplex de aluminio calibre 4/0 AWG: tres fases aisladas en XLPE que van trenzadas alrededor de un neutro mensajero, el cual carga mecánicamente todo el conjunto. Por eso se tiende de poste a poste sin necesidad de un cable de acero aparte. Es la red aérea trifásica de baja tensión: la que sale del transformador y recorre el barrio alimentando las acometidas. El XLPE aguanta sol, lluvia y radiación UV sin cuartearse. Diámetro 37,2 mm, masa 1582 kg/km, capacidad 288 A. Opera a 600 V y 90 °C. Cumple ICEA S 76-474, NTC 5346 y RETIE.",,4/0 AWG,600 V,90 °C,Múltiplex aéreo: 3 fases + neutro mensajero.,,Cables y Alambres,,"Procables, Centelsa"
Tableros de Distribución,Tablero Monofásico 4 Circuitos,"Tablero monofásico para 4 circuitos, para empotrar o sobreponer. Es el tablero de la casa o del local pequeño: reparte la energía de una sola fase entre los circuitos de luz y tomas, y deja cada uno con su propio breaker. Encerramiento IP20 IK05 en lámina de acero, tapa blanca. Barraje en aluminio estañado, con barras de neutro y de tierra ya instaladas. Tensión 127 V, corriente del barraje 75 A y capacidad de corte de 10 kA. Recibe breakers termomagnéticos enchufables. Producto certificado RETIE.",,4 circuitos,127 V,,"Monofásico, 75 A, 10 kA. Con puerta. Certificado RETIE.",,Cajas y Tableros,,Tercol
Tableros de Distribución,Tablero Monofásico 4 Circuitos sin Puerta,"Tablero monofásico para 4 circuitos, de empotrar, sin puerta. Se entrega abierto para que quede a ras del muro o para ponerle después una puerta plástica. Sale más económico y es la opción común en vivienda de interés social y remodelación. Es el tablero de la casa o del local pequeño: reparte la energía de una sola fase entre los circuitos de luz y tomas, y deja cada uno con su propio breaker. Encerramiento IP20 IK05 en lámina de acero, tapa blanca. Barraje en aluminio estañado, con barras de neutro y de tierra ya instaladas. Tensión 127 V, corriente del barraje 75 A y capacidad de corte de 10 kA. Recibe breakers termomagnéticos enchufables. Producto certificado RETIE.",,4 circuitos,127 V,,Sin puerta. Para breakers. Certificado RETIE.,,Cajas y Tableros,,Tercol
Tableros de Distribución,Tablero Monofásico Trifilar 4 Circuitos sin Puerta,"Tablero monofásico trifilar (fase dividida) para 4 circuitos, de empotrar, sin puerta. Trifilar quiere decir que trae dos fases y neutro: sirve para sacar circuitos de 120 V y también de 240 V del mismo tablero. Tensión 120/240 V, barraje de 75 A, 10 kA, IP20 IK05, barraje en aluminio estañado con barras de neutro y tierra. Recibe breakers enchufables monopolares y bipolares. Producto certificado RETIE.",,4 circuitos,120/240 V,,Trifilar (fase dividida). Sin puerta. Certificado RETIE.,,Cajas y Tableros,,Tercol
Tableros de Distribución,Tablero Monofásico 6 Circuitos,"Tablero monofásico para 6 circuitos, para empotrar o sobreponer. Es el tablero de la casa o del local pequeño: reparte la energía de una sola fase entre los circuitos de luz y tomas, y deja cada uno con su propio breaker. Encerramiento IP20 IK05 en lámina de acero, tapa blanca. Barraje en aluminio estañado, con barras de neutro y de tierra ya instaladas. Tensión 127 V, corriente del barraje 75 A y capacidad de corte de 10 kA. Recibe breakers termomagnéticos enchufables. Producto certificado RETIE.",,6 circuitos,127 V,,"Monofásico, 75 A, 10 kA. Con puerta. Certificado RETIE.",,Cajas y Tableros,,Tercol
Tableros de Distribución,Tablero Monofásico 6 Circuitos sin Puerta,"Tablero monofásico para 6 circuitos, de empotrar, sin puerta. Se entrega abierto para que quede a ras del muro o para ponerle después una puerta plástica. Sale más económico y es la opción común en vivienda de interés social y remodelación. Es el tablero de la casa o del local pequeño: reparte la energía de una sola fase entre los circuitos de luz y tomas, y deja cada uno con su propio breaker. Encerramiento IP20 IK05 en lámina de acero, tapa blanca. Barraje en aluminio estañado, con barras de neutro y de tierra ya instaladas. Tensión 127 V, corriente del barraje 75 A y capacidad de corte de 10 kA. Recibe breakers termomagnéticos enchufables. Producto certificado RETIE.",,6 circuitos,127 V,,Sin puerta. Para breakers. Certificado RETIE.,,Cajas y Tableros,,Tercol
Tableros de Distribución,Tablero Monofásico Trifilar 6 Circuitos sin Puerta,"Tablero monofásico trifilar (fase dividida) para 6 circuitos, de empotrar, sin puerta. Trifilar quiere decir que trae dos fases y neutro: sirve para sacar circuitos de 120 V y también de 240 V del mismo tablero. Tensión 120/240 V, barraje de 75 A, 10 kA, IP20 IK05, barraje en aluminio estañado con barras de neutro y tierra. Recibe breakers enchufables monopolares y bipolares. Producto certificado RETIE.",,6 circuitos,120/240 V,,Trifilar (fase dividida). Sin puerta. Certificado RETIE.,,Cajas y Tableros,,Tercol
Tableros de Distribución,Tablero Monofásico 8 Circuitos,"Tablero monofásico para 8 circuitos, para empotrar o sobreponer. Es el tablero de la casa o del local pequeño: reparte la energía de una sola fase entre los circuitos de luz y tomas, y deja cada uno con su propio breaker. Encerramiento IP20 IK05 en lámina de acero, tapa blanca. Barraje en aluminio estañado, con barras de neutro y de tierra ya instaladas. Tensión 127 V, corriente del barraje 75 A y capacidad de corte de 10 kA. Recibe breakers termomagnéticos enchufables. Producto certificado RETIE.",,8 circuitos,127 V,,"Monofásico, 75 A, 10 kA. Con puerta. Certificado RETIE.",,Cajas y Tableros,,Tercol
Tableros de Distribución,Tablero Monofásico 8 Circuitos sin Puerta,"Tablero monofásico para 8 circuitos, de empotrar, sin puerta. Se entrega abierto para que quede a ras del muro o para ponerle después una puerta plástica. Sale más económico y es la opción común en vivienda de interés social y remodelación. Es el tablero de la casa o del local pequeño: reparte la energía de una sola fase entre los circuitos de luz y tomas, y deja cada uno con su propio breaker. Encerramiento IP20 IK05 en lámina de acero, tapa blanca. Barraje en aluminio estañado, con barras de neutro y de tierra ya instaladas. Tensión 127 V, corriente del barraje 75 A y capacidad de corte de 10 kA. Recibe breakers termomagnéticos enchufables. Producto certificado RETIE.",,8 circuitos,127 V,,Sin puerta. Para breakers. Certificado RETIE.,,Cajas y Tableros,,Tercol
Tableros de Distribución,Tablero Monofásico Trifilar 8 Circuitos sin Puerta,"Tablero monofásico trifilar (fase dividida) para 8 circuitos, de empotrar, sin puerta. Trifilar quiere decir que trae dos fases y neutro: sirve para sacar circuitos de 120 V y también de 240 V del mismo tablero. Tensión 120/240 V, barraje de 75 A, 10 kA, IP20 IK05, barraje en aluminio estañado con barras de neutro y tierra. Recibe breakers enchufables monopolares y bipolares. Producto certificado RETIE.",,8 circuitos,120/240 V,,Trifilar (fase dividida). Sin puerta. Certificado RETIE.,,Cajas y Tableros,,Tercol
Tableros de Distribución,Tablero Monofásico 10 Circuitos,"Tablero monofásico para 10 circuitos, para empotrar o sobreponer. Es el tablero de la casa o del local pequeño: reparte la energía de una sola fase entre los circuitos de luz y tomas, y deja cada uno con su propio breaker. Encerramiento IP20 IK05 en lámina de acero, tapa blanca. Barraje en aluminio estañado, con barras de neutro y de tierra ya instaladas. Tensión 127 V, corriente del barraje 75 A y capacidad de corte de 10 kA. Recibe breakers termomagnéticos enchufables. Producto certificado RETIE.",,10 circuitos,127 V,,"Monofásico, 75 A, 10 kA. Con puerta. Certificado RETIE.",,Cajas y Tableros,,Tercol
Tableros de Distribución,Tablero Monofásico 12 Circuitos,"Tablero monofásico para 12 circuitos, para empotrar o sobreponer. Es el tablero de la casa o del local pequeño: reparte la energía de una sola fase entre los circuitos de luz y tomas, y deja cada uno con su propio breaker. Encerramiento IP20 IK05 en lámina de acero, tapa blanca. Barraje en aluminio estañado, con barras de neutro y de tierra ya instaladas. Tensión 127 V, corriente del barraje 75 A y capacidad de corte de 10 kA. Recibe breakers termomagnéticos enchufables. Producto certificado RETIE.",,12 circuitos,127 V,,"Monofásico, 75 A, 10 kA. Con puerta. Certificado RETIE.",,Cajas y Tableros,,Tercol
Tableros de Distribución,Tablero Monofásico 12 Circuitos sin Puerta,"Tablero monofásico para 12 circuitos, de empotrar, sin puerta. Se entrega abierto para que quede a ras del muro o para ponerle después una puerta plástica. Sale más económico y es la opción común en vivienda de interés social y remodelación. Es el tablero de la casa o del local pequeño: reparte la energía de una sola fase entre los circuitos de luz y tomas, y deja cada uno con su propio breaker. Encerramiento IP20 IK05 en lámina de acero, tapa blanca. Barraje en aluminio estañado, con barras de neutro y de tierra ya instaladas. Tensión 127 V, corriente del barraje 75 A y capacidad de corte de 10 kA. Recibe breakers termomagnéticos enchufables. Producto certificado RETIE.",,12 circuitos,127 V,,Sin puerta. Para breakers. Certificado RETIE.,,Cajas y Tableros,,Tercol
Tableros de Distribución,Tablero Monofásico Trifilar 12 Circuitos sin Puerta,"Tablero monofásico trifilar (fase dividida) para 12 circuitos, de empotrar, sin puerta. Trifilar quiere decir que trae dos fases y neutro: sirve para sacar circuitos de 120 V y también de 240 V del mismo tablero. Tensión 120/240 V, barraje de 75 A, 10 kA, IP20 IK05, barraje en aluminio estañado con barras de neutro y tierra. Recibe breakers enchufables monopolares y bipolares. Producto certificado RETIE.",,12 circuitos,120/240 V,,Trifilar (fase dividida). Sin puerta. Certificado RETIE.,,Cajas y Tableros,,Tercol
Tableros de Distribución,Tablero Bifásico 2 Circuitos,"Tablero bifásico para 2 circuitos, para empotrar o sobreponer. Se usa cuando la instalación ya tiene dos fases —vivienda grande, local comercial o taller—, típicamente porque hay equipos de 240 V como duchas, hornos o aires. Encerramiento IP20 IK05 en lámina de acero, tapa blanca. Barraje en aluminio estañado, con barras de neutro y de tierra ya instaladas. Tensión 240 V, corriente del barraje 125 A y capacidad de corte de 10 kA. Recibe breakers termomagnéticos enchufables. Producto certificado RETIE.",,2 circuitos,240 V,,"Bifásico, 40 A. Certificado RETIE.",,Cajas y Tableros,,Tercol
Tableros de Distribución,Tablero Bifásico 8 Circuitos,"Tablero bifásico para 8 circuitos, para empotrar o sobreponer. Se usa cuando la instalación ya tiene dos fases —vivienda grande, local comercial o taller—, típicamente porque hay equipos de 240 V como duchas, hornos o aires. Encerramiento IP20 IK05 en lámina de acero, tapa blanca. Barraje en aluminio estañado, con barras de neutro y de tierra ya instaladas. Tensión 240 V, corriente del barraje 125 A y capacidad de corte de 10 kA. Recibe breakers termomagnéticos enchufables. Producto certificado RETIE.",,8 circuitos,240 V,,"Bifásico, 125 A. Certificado RETIE.",,Cajas y Tableros,,Tercol
Tableros de Distribución,Tablero Bifásico 8 Circuitos con Puerta y Chapa,"Tablero bifásico para 8 circuitos, con puerta y chapa plástica. La puerta deja los breakers a la mano pero tapa el cableado, y viene preperforada para instalar cerradura si el tablero queda en zona común o expuesta. Se usa cuando la instalación ya tiene dos fases —vivienda grande, local comercial o taller—, típicamente porque hay equipos de 240 V como duchas, hornos o aires. Encerramiento IP20 IK05 en lámina de acero, tapa blanca. Barraje en aluminio estañado, con barras de neutro y de tierra ya instaladas. Tensión 240 V, corriente del barraje 125 A y capacidad de corte de 10 kA. Recibe breakers termomagnéticos enchufables. Producto certificado RETIE.",,8 circuitos,240 V,,Con puerta y chapa. Cerradura opcional. Certificado RETIE.,,Cajas y Tableros,,Tercol
Tableros de Distribución,Tablero Bifásico 12 Circuitos,"Tablero bifásico para 12 circuitos, para empotrar o sobreponer. Se usa cuando la instalación ya tiene dos fases —vivienda grande, local comercial o taller—, típicamente porque hay equipos de 240 V como duchas, hornos o aires. Encerramiento IP20 IK05 en lámina de acero, tapa blanca. Barraje en aluminio estañado, con barras de neutro y de tierra ya instaladas. Tensión 240 V, corriente del barraje 125 A y capacidad de corte de 10 kA. Recibe breakers termomagnéticos enchufables. Producto certificado RETIE.",,12 circuitos,240 V,,"Bifásico, 125 A. Certificado RETIE.",,Cajas y Tableros,,Tercol
Tableros de Distribución,Tablero Bifásico 12 Circuitos con Puerta y Chapa,"Tablero bifásico para 12 circuitos, con puerta y chapa plástica. La puerta deja los breakers a la mano pero tapa el cableado, y viene preperforada para instalar cerradura si el tablero queda en zona común o expuesta. Se usa cuando la instalación ya tiene dos fases —vivienda grande, local comercial o taller—, típicamente porque hay equipos de 240 V como duchas, hornos o aires. Encerramiento IP20 IK05 en lámina de acero, tapa blanca. Barraje en aluminio estañado, con barras de neutro y de tierra ya instaladas. Tensión 240 V, corriente del barraje 125 A y capacidad de corte de 10 kA. Recibe breakers termomagnéticos enchufables. Producto certificado RETIE.",,12 circuitos,240 V,,Con puerta y chapa. Cerradura opcional. Certificado RETIE.,,Cajas y Tableros,,Tercol
Tableros de Distribución,Tablero Bifásico 16 Circuitos,"Tablero bifásico para 16 circuitos, para empotrar o sobreponer. Se usa cuando la instalación ya tiene dos fases —vivienda grande, local comercial o taller—, típicamente porque hay equipos de 240 V como duchas, hornos o aires. Encerramiento IP20 IK05 en lámina de acero, tapa blanca. Barraje en aluminio estañado, con barras de neutro y de tierra ya instaladas. Tensión 240 V, corriente del barraje 125 A y capacidad de corte de 10 kA. Recibe breakers termomagnéticos enchufables. Producto certificado RETIE.",,16 circuitos,240 V,,"Bifásico, 125 A. Certificado RETIE.",,Cajas y Tableros,,Tercol
Tableros de Distribución,Tablero Bifásico 16 Circuitos con Puerta y Chapa,"Tablero bifásico para 16 circuitos, con puerta y chapa plástica. La puerta deja los breakers a la mano pero tapa el cableado, y viene preperforada para instalar cerradura si el tablero queda en zona común o expuesta. Se usa cuando la instalación ya tiene dos fases —vivienda grande, local comercial o taller—, típicamente porque hay equipos de 240 V como duchas, hornos o aires. Encerramiento IP20 IK05 en lámina de acero, tapa blanca. Barraje en aluminio estañado, con barras de neutro y de tierra ya instaladas. Tensión 240 V, corriente del barraje 125 A y capacidad de corte de 10 kA. Recibe breakers termomagnéticos enchufables. Producto certificado RETIE.",,16 circuitos,240 V,,Con puerta y chapa. Cerradura opcional. Certificado RETIE.,,Cajas y Tableros,,Tercol
Tableros de Distribución,Tablero Bifásico 20 Circuitos,"Tablero bifásico para 20 circuitos, para empotrar o sobreponer. Se usa cuando la instalación ya tiene dos fases —vivienda grande, local comercial o taller—, típicamente porque hay equipos de 240 V como duchas, hornos o aires. Encerramiento IP20 IK05 en lámina de acero, tapa blanca. Barraje en aluminio estañado, con barras de neutro y de tierra ya instaladas. Tensión 240 V, corriente del barraje 125 A y capacidad de corte de 10 kA. Recibe breakers termomagnéticos enchufables. Producto certificado RETIE.",,20 circuitos,240 V,,"Bifásico, 125 A. Certificado RETIE.",,Cajas y Tableros,,Tercol
Tableros de Distribución,Tablero Bifásico 20 Circuitos con Puerta y Chapa,"Tablero bifásico para 20 circuitos, con puerta y chapa plástica. La puerta deja los breakers a la mano pero tapa el cableado, y viene preperforada para instalar cerradura si el tablero queda en zona común o expuesta. Se usa cuando la instalación ya tiene dos fases —vivienda grande, local comercial o taller—, típicamente porque hay equipos de 240 V como duchas, hornos o aires. Encerramiento IP20 IK05 en lámina de acero, tapa blanca. Barraje en aluminio estañado, con barras de neutro y de tierra ya instaladas. Tensión 240 V, corriente del barraje 125 A y capacidad de corte de 10 kA. Recibe breakers termomagnéticos enchufables. Producto certificado RETIE.",,20 circuitos,240 V,,Con puerta y chapa. Cerradura opcional. Certificado RETIE.,,Cajas y Tableros,,Tercol
Tableros de Distribución,Tablero Bifásico 12 Circuitos con Espacio para Totalizador,"Tablero bifásico para 12 circuitos, con un espacio reservado aparte para el totalizador. Ese espacio es la diferencia: ahí se monta el breaker principal en caja moldeada, y con él se corta toda la instalación de un solo golpe, sin tener que bajar breaker por breaker. Es lo que se pide en obra nueva y en cualquier tablero que deba tener protección general propia. Viene con puerta, chapa, cerradura y llave. Se usa cuando la instalación ya tiene dos fases —vivienda grande, local comercial o taller—, típicamente porque hay equipos de 240 V como duchas, hornos o aires. Encerramiento IP20 IK05 en lámina de acero, tapa blanca. Barraje en aluminio estañado, con barras de neutro y de tierra ya instaladas. Tensión 240 V, corriente del barraje 125 A y capacidad de corte de 10 kA. Recibe breakers termomagnéticos enchufables. Producto certificado RETIE.",,12 circuitos,240 V,,Con espacio para totalizador. Cerradura y llave. Certificado RETIE.,,Cajas y Tableros,,Tercol
Tableros de Distribución,Tablero Bifásico 24 Circuitos con Espacio para Totalizador,"Tablero bifásico para 24 circuitos, con un espacio reservado aparte para el totalizador. Ese espacio es la diferencia: ahí se monta el breaker principal en caja moldeada, y con él se corta toda la instalación de un solo golpe, sin tener que bajar breaker por breaker. Es lo que se pide en obra nueva y en cualquier tablero que deba tener protección general propia. Viene con puerta, chapa, cerradura y llave. Se usa cuando la instalación ya tiene dos fases —vivienda grande, local comercial o taller—, típicamente porque hay equipos de 240 V como duchas, hornos o aires. Encerramiento IP20 IK05 en lámina de acero, tapa blanca. Barraje en aluminio estañado, con barras de neutro y de tierra ya instaladas. Tensión 240 V, corriente del barraje 125 A y capacidad de corte de 10 kA. Recibe breakers termomagnéticos enchufables. Producto certificado RETIE.",,24 circuitos,240 V,,Con espacio para totalizador. Cerradura y llave. Certificado RETIE.,,Cajas y Tableros,,Tercol
Tableros de Distribución,Tablero Trifásico 3 Circuitos,"Tablero trifásico para 3 circuitos, para empotrar o sobreponer. Es el tablero de edificio, industria o comercio con carga pesada: reparte tres fases y permite alimentar motores y equipos trifásicos además de los circuitos normales. Encerramiento IP20 IK05 en lámina de acero, tapa blanca. Barraje en cobre, con barras de neutro y de tierra ya instaladas. Tensión 240 V, corriente del barraje 200 A y capacidad de corte de 10 kA. Recibe breakers termomagnéticos enchufables. Producto certificado RETIE.",,3 circuitos,240 V,,"Trifásico, 40 A. Certificado RETIE.",,Cajas y Tableros,,Tercol
Tableros de Distribución,Tablero Trifásico 6 Circuitos,"Tablero trifásico para 6 circuitos, para empotrar o sobreponer. Es el tablero de edificio, industria o comercio con carga pesada: reparte tres fases y permite alimentar motores y equipos trifásicos además de los circuitos normales. Encerramiento IP20 IK05 en lámina de acero, tapa blanca. Barraje en cobre, con barras de neutro y de tierra ya instaladas. Tensión 240 V, corriente del barraje 200 A y capacidad de corte de 10 kA. Recibe breakers termomagnéticos enchufables. Producto certificado RETIE.",,6 circuitos,240 V,,"Trifásico, 200 A. Certificado RETIE.",,Cajas y Tableros,,Tercol
Tableros de Distribución,Tablero Trifásico 12 Circuitos,"Tablero trifásico para 12 circuitos, para empotrar o sobreponer. Es el tablero de edificio, industria o comercio con carga pesada: reparte tres fases y permite alimentar motores y equipos trifásicos además de los circuitos normales. Encerramiento IP20 IK05 en lámina de acero, tapa blanca. Barraje en cobre, con barras de neutro y de tierra ya instaladas. Tensión 240 V, corriente del barraje 200 A y capacidad de corte de 10 kA. Recibe breakers termomagnéticos enchufables. Producto certificado RETIE.",,12 circuitos,240 V,,"Trifásico, 200 A. Certificado RETIE.",,Cajas y Tableros,,Tercol
Tableros de Distribución,Tablero Trifásico 12 Circuitos con Puerta y Chapa,"Tablero trifásico para 12 circuitos, con puerta y chapa plástica. La puerta deja los breakers a la mano pero tapa el cableado, y viene preperforada para instalar cerradura si el tablero queda en zona común o expuesta. Es el tablero de edificio, industria o comercio con carga pesada: reparte tres fases y permite alimentar motores y equipos trifásicos además de los circuitos normales. Encerramiento IP20 IK05 en lámina de acero, tapa blanca. Barraje en cobre, con barras de neutro y de tierra ya instaladas. Tensión 240 V, corriente del barraje 200 A y capacidad de corte de 10 kA. Recibe breakers termomagnéticos enchufables. Producto certificado RETIE.",,12 circuitos,240 V,,Con puerta y chapa. Cerradura opcional. Certificado RETIE.,,Cajas y Tableros,,Tercol
Tableros de Distribución,Tablero Trifásico 18 Circuitos,"Tablero trifásico para 18 circuitos, para empotrar o sobreponer. Es el tablero de edificio, industria o comercio con carga pesada: reparte tres fases y permite alimentar motores y equipos trifásicos además de los circuitos normales. Encerramiento IP20 IK05 en lámina de acero, tapa blanca. Barraje en cobre, con barras de neutro y de tierra ya instaladas. Tensión 240 V, corriente del barraje 200 A y capacidad de corte de 10 kA. Recibe breakers termomagnéticos enchufables. Producto certificado RETIE.",,18 circuitos,240 V,,"Trifásico, 200 A. Certificado RETIE.",,Cajas y Tableros,,Tercol
Tableros de Distribución,Tablero Trifásico 18 Circuitos con Puerta y Chapa,"Tablero trifásico para 18 circuitos, con puerta y chapa plástica. La puerta deja los breakers a la mano pero tapa el cableado, y viene preperforada para instalar cerradura si el tablero queda en zona común o expuesta. Es el tablero de edificio, industria o comercio con carga pesada: reparte tres fases y permite alimentar motores y equipos trifásicos además de los circuitos normales. Encerramiento IP20 IK05 en lámina de acero, tapa blanca. Barraje en cobre, con barras de neutro y de tierra ya instaladas. Tensión 240 V, corriente del barraje 200 A y capacidad de corte de 10 kA. Recibe breakers termomagnéticos enchufables. Producto certificado RETIE.",,18 circuitos,240 V,,Con puerta y chapa. Cerradura opcional. Certificado RETIE.,,Cajas y Tableros,,Tercol
Tableros de Distribución,Tablero Trifásico 24 Circuitos,"Tablero trifásico para 24 circuitos, para empotrar o sobreponer. Es el tablero de edificio, industria o comercio con carga pesada: reparte tres fases y permite alimentar motores y equipos trifásicos además de los circuitos normales. Encerramiento IP20 IK05 en lámina de acero, tapa blanca. Barraje en cobre, con barras de neutro y de tierra ya instaladas. Tensión 240 V, corriente del barraje 200 A y capacidad de corte de 10 kA. Recibe breakers termomagnéticos enchufables. Producto certificado RETIE.",,24 circuitos,240 V,,"Trifásico, 200 A. Certificado RETIE.",,Cajas y Tableros,,Tercol
Tableros de Distribución,Tablero Trifásico 24 Circuitos con Puerta y Chapa,"Tablero trifásico para 24 circuitos, con puerta y chapa plástica. La puerta deja los breakers a la mano pero tapa el cableado, y viene preperforada para instalar cerradura si el tablero queda en zona común o expuesta. Es el tablero de edificio, industria o comercio con carga pesada: reparte tres fases y permite alimentar motores y equipos trifásicos además de los circuitos normales. Encerramiento IP20 IK05 en lámina de acero, tapa blanca. Barraje en cobre, con barras de neutro y de tierra ya instaladas. Tensión 240 V, corriente del barraje 200 A y capacidad de corte de 10 kA. Recibe breakers termomagnéticos enchufables. Producto certificado RETIE.",,24 circuitos,240 V,,Con puerta y chapa. Cerradura opcional. Certificado RETIE.,,Cajas y Tableros,,Tercol
Tableros de Distribución,Tablero Trifásico 30 Circuitos con Puerta y Chapa,"Tablero trifásico para 30 circuitos, con puerta y chapa plástica. La puerta deja los breakers a la mano pero tapa el cableado, y viene preperforada para instalar cerradura si el tablero queda en zona común o expuesta. Es el tablero de edificio, industria o comercio con carga pesada: reparte tres fases y permite alimentar motores y equipos trifásicos además de los circuitos normales. Encerramiento IP20 IK05 en lámina de acero, tapa blanca. Barraje en cobre, con barras de neutro y de tierra ya instaladas. Tensión 240 V, corriente del barraje 200 A y capacidad de corte de 10 kA. Recibe breakers termomagnéticos enchufables. Producto certificado RETIE.",,30 circuitos,240 V,,Con puerta y chapa. Cerradura opcional. Certificado RETIE.,,Cajas y Tableros,,Tercol
Tableros de Distribución,Tablero Trifásico 36 Circuitos con Puerta y Chapa,"Tablero trifásico para 36 circuitos, con puerta y chapa plástica. La puerta deja los breakers a la mano pero tapa el cableado, y viene preperforada para instalar cerradura si el tablero queda en zona común o expuesta. Es el tablero de edificio, industria o comercio con carga pesada: reparte tres fases y permite alimentar motores y equipos trifásicos además de los circuitos normales. Encerramiento IP20 IK05 en lámina de acero, tapa blanca. Barraje en cobre, con barras de neutro y de tierra ya instaladas. Tensión 240 V, corriente del barraje 200 A y capacidad de corte de 10 kA. Recibe breakers termomagnéticos enchufables. Producto certificado RETIE.",,36 circuitos,240 V,,Con puerta y chapa. Cerradura opcional. Certificado RETIE.,,Cajas y Tableros,,Tercol
Tableros de Distribución,Tablero Trifásico 42 Circuitos con Puerta y Chapa,"Tablero trifásico para 42 circuitos, con puerta y chapa plástica. La puerta deja los breakers a la mano pero tapa el cableado, y viene preperforada para instalar cerradura si el tablero queda en zona común o expuesta. Es el tablero de edificio, industria o comercio con carga pesada: reparte tres fases y permite alimentar motores y equipos trifásicos además de los circuitos normales. Encerramiento IP20 IK05 en lámina de acero, tapa blanca. Barraje en cobre, con barras de neutro y de tierra ya instaladas. Tensión 240 V, corriente del barraje 200 A y capacidad de corte de 10 kA. Recibe breakers termomagnéticos enchufables. Producto certificado RETIE.",,42 circuitos,240 V,,Con puerta y chapa. Cerradura opcional. Certificado RETIE.,,Cajas y Tableros,,Tercol
Tableros de Distribución,Tablero Trifásico 12 Circuitos con Espacio para Totalizador,"Tablero trifásico para 12 circuitos, con un espacio reservado aparte para el totalizador. Ese espacio es la diferencia: ahí se monta el breaker principal en caja moldeada, y con él se corta toda la instalación de un solo golpe, sin tener que bajar breaker por breaker. Es lo que se pide en obra nueva y en cualquier tablero que deba tener protección general propia. Viene con puerta, chapa, cerradura y llave. Es el tablero de edificio, industria o comercio con carga pesada: reparte tres fases y permite alimentar motores y equipos trifásicos además de los circuitos normales. Encerramiento IP20 IK05 en lámina de acero, tapa blanca. Barraje en cobre, con barras de neutro y de tierra ya instaladas. Tensión 240 V, corriente del barraje 200 A y capacidad de corte de 10 kA. Recibe breakers termomagnéticos enchufables. Producto certificado RETIE.",,12 circuitos,240 V,,Con espacio para totalizador. Cerradura y llave. Certificado RETIE.,,Cajas y Tableros,,Tercol
Tableros de Distribución,Tablero Trifásico 18 Circuitos con Espacio para Totalizador,"Tablero trifásico para 18 circuitos, con un espacio reservado aparte para el totalizador. Ese espacio es la diferencia: ahí se monta el breaker principal en caja moldeada, y con él se corta toda la instalación de un solo golpe, sin tener que bajar breaker por breaker. Es lo que se pide en obra nueva y en cualquier tablero que deba tener protección general propia. Viene con puerta, chapa, cerradura y llave. Es el tablero de edificio, industria o comercio con carga pesada: reparte tres fases y permite alimentar motores y equipos trifásicos además de los circuitos normales. Encerramiento IP20 IK05 en lámina de acero, tapa blanca. Barraje en cobre, con barras de neutro y de tierra ya instaladas. Tensión 240 V, corriente del barraje 200 A y capacidad de corte de 10 kA. Recibe breakers termomagnéticos enchufables. Producto certificado RETIE.",,18 circuitos,240 V,,Con espacio para totalizador. Cerradura y llave. Certificado RETIE.,,Cajas y Tableros,,Tercol
Tableros de Distribución,Tablero Trifásico 24 Circuitos con Espacio para Totalizador,"Tablero trifásico para 24 circuitos, con un espacio reservado aparte para el totalizador. Ese espacio es la diferencia: ahí se monta el breaker principal en caja moldeada, y con él se corta toda la instalación de un solo golpe, sin tener que bajar breaker por breaker. Es lo que se pide en obra nueva y en cualquier tablero que deba tener protección general propia. Viene con puerta, chapa, cerradura y llave. Es el tablero de edificio, industria o comercio con carga pesada: reparte tres fases y permite alimentar motores y equipos trifásicos además de los circuitos normales. Encerramiento IP20 IK05 en lámina de acero, tapa blanca. Barraje en cobre, con barras de neutro y de tierra ya instaladas. Tensión 240 V, corriente del barraje 200 A y capacidad de corte de 10 kA. Recibe breakers termomagnéticos enchufables. Producto certificado RETIE.",,24 circuitos,240 V,,Con espacio para totalizador. Cerradura y llave. Certificado RETIE.,,Cajas y Tableros,,Tercol
Tableros de Distribución,Tablero Trifásico 30 Circuitos con Espacio para Totalizador,"Tablero trifásico para 30 circuitos, con un espacio reservado aparte para el totalizador. Ese espacio es la diferencia: ahí se monta el breaker principal en caja moldeada, y con él se corta toda la instalación de un solo golpe, sin tener que bajar breaker por breaker. Es lo que se pide en obra nueva y en cualquier tablero que deba tener protección general propia. Viene con puerta, chapa, cerradura y llave. Es el tablero de edificio, industria o comercio con carga pesada: reparte tres fases y permite alimentar motores y equipos trifásicos además de los circuitos normales. Encerramiento IP20 IK05 en lámina de acero, tapa blanca. Barraje en cobre, con barras de neutro y de tierra ya instaladas. Tensión 240 V, corriente del barraje 200 A y capacidad de corte de 10 kA. Recibe breakers termomagnéticos enchufables. Producto certificado RETIE.",,30 circuitos,240 V,,Con espacio para totalizador. Cerradura y llave. Certificado RETIE.,,Cajas y Tableros,,Tercol
Tableros de Distribución,Tablero Trifásico 36 Circuitos con Espacio para Totalizador,"Tablero trifásico para 36 circuitos, con un espacio reservado aparte para el totalizador. Ese espacio es la diferencia: ahí se monta el breaker principal en caja moldeada, y con él se corta toda la instalación de un solo golpe, sin tener que bajar breaker por breaker. Es lo que se pide en obra nueva y en cualquier tablero que deba tener protección general propia. Viene con puerta, chapa, cerradura y llave. Es el tablero de edificio, industria o comercio con carga pesada: reparte tres fases y permite alimentar motores y equipos trifásicos además de los circuitos normales. Encerramiento IP20 IK05 en lámina de acero, tapa blanca. Barraje en cobre, con barras de neutro y de tierra ya instaladas. Tensión 240 V, corriente del barraje 200 A y capacidad de corte de 10 kA. Recibe breakers termomagnéticos enchufables. Producto certificado RETIE.",,36 circuitos,240 V,,Con espacio para totalizador. Cerradura y llave. Certificado RETIE.,,Cajas y Tableros,,Tercol
Tableros de Distribución,Tablero Trifásico 42 Circuitos con Espacio para Totalizador,"Tablero trifásico para 42 circuitos, con un espacio reservado aparte para el totalizador. Ese espacio es la diferencia: ahí se monta el breaker principal en caja moldeada, y con él se corta toda la instalación de un solo golpe, sin tener que bajar breaker por breaker. Es lo que se pide en obra nueva y en cualquier tablero que deba tener protección general propia. Viene con puerta, chapa, cerradura y llave. Es el tablero de edificio, industria o comercio con carga pesada: reparte tres fases y permite alimentar motores y equipos trifásicos además de los circuitos normales. Encerramiento IP20 IK05 en lámina de acero, tapa blanca. Barraje en cobre, con barras de neutro y de tierra ya instaladas. Tensión 240 V, corriente del barraje 200 A y capacidad de corte de 10 kA. Recibe breakers termomagnéticos enchufables. Producto certificado RETIE.",,42 circuitos,240 V,,Con espacio para totalizador. Cerradura y llave. Certificado RETIE.,,Cajas y Tableros,,Tercol
Cajas y Tapas Electricas,Caja 2400 Metálica,"Caja rectangular 2400 (2""×4""). Es la caja donde se aloja el tomacorriente o el interruptor, empotrada en el muro. Trae troqueles de 1/2"" y 3/4"" para el ingreso de la tubería. Fabricada en lámina galvanizada, resistente y aterrizable. Producto certificado RETIE.",,,,,Certificado RETIE.,,Cajas y Tableros,,Tercol
Cajas y Tapas Electricas,Caja 2400 PVC,"Caja rectangular 2400 (2""×4""). Es la caja donde se aloja el tomacorriente o el interruptor, empotrada en el muro. Trae troqueles de 1/2"" y 3/4"" para el ingreso de la tubería. Fabricada en PVC autoextinguible: no conduce y no propaga la llama. Producto certificado RETIE.",,,,,Certificado RETIE.,,Cajas y Tableros,,Tercol
Cajas y Tapas Electricas,Caja 5800 Metálica,"Caja cuadrada 5800 (4""×4""). Más amplia que la 2400, se usa como caja de derivación o de paso —donde se empalman varios circuitos— y también para alojar mecanismos cuando llegan muchos conductores. Fabricada en lámina galvanizada, resistente y aterrizable. Producto certificado RETIE.",,,,,Certificado RETIE.,,Cajas y Tableros,,Tercol
Cajas y Tapas Electricas,Caja 5800 PVC,"Caja cuadrada 5800 (4""×4""). Más amplia que la 2400, se usa como caja de derivación o de paso —donde se empalman varios circuitos— y también para alojar mecanismos cuando llegan muchos conductores. Fabricada en PVC autoextinguible: no conduce y no propaga la llama. Producto certificado RETIE.",,,,,Certificado RETIE.,,Cajas y Tableros,,Tercol
Cajas y Tapas Electricas,Caja Octagonal Metálica,"Caja octagonal. Es la salida de techo: ahí se cuelga la lámpara, la roseta o el plafón. Trae troqueles de 1/2"" y 3/4"". Fabricada en lámina galvanizada, resistente y aterrizable. Producto certificado RETIE.",,,,,Certificado RETIE.,,Cajas y Tableros,,Tercol
Cajas y Tapas Electricas,Caja Octagonal PVC,"Caja octagonal. Es la salida de techo: ahí se cuelga la lámpara, la roseta o el plafón. Trae troqueles de 1/2"" y 3/4"". Fabricada en PVC autoextinguible: no conduce y no propaga la llama. Producto certificado RETIE.",,,,,Certificado RETIE.,,Cajas y Tableros,,Tercol
Cajas y Tapas Electricas,Tapa 2400 Metálica,"Tapa ciega para caja 2400 (2""×4""). Se usa cuando la caja queda de reserva o como punto de empalme, y hay que dejarla cerrada. Fabricada en lámina galvanizada, resistente y aterrizable. Producto certificado RETIE.",,,,,Certificado RETIE.,,Cajas y Tableros,,Tercol
Cajas y Tapas Electricas,Tapa 2400 PVC,"Tapa ciega para caja 2400 (2""×4""). Se usa cuando la caja queda de reserva o como punto de empalme, y hay que dejarla cerrada. Fabricada en PVC autoextinguible: no conduce y no propaga la llama. Producto certificado RETIE.",,,,,Certificado RETIE.,,Cajas y Tableros,,Tercol
Cajas y Tapas Electricas,Tapa 5800 Metálica,"Tapa ciega para caja 5800 (4""×4""). Cierra la caja de derivación dejando los empalmes protegidos y accesibles. Fabricada en lámina galvanizada, resistente y aterrizable. Producto certificado RETIE.",,,,,Certificado RETIE.,,Cajas y Tableros,,Tercol
Cajas y Tapas Electricas,Tapa 5800 PVC,"Tapa ciega para caja 5800 (4""×4""). Cierra la caja de derivación dejando los empalmes protegidos y accesibles. Fabricada en PVC autoextinguible: no conduce y no propaga la llama. Producto certificado RETIE.",,,,,Certificado RETIE.,,Cajas y Tableros,,Tercol
Cajas y Tapas Electricas,Tapa Octagonal Metálica,"Tapa ciega para caja octagonal, para sellar la salida de techo que quede sin uso. Fabricada en lámina galvanizada, resistente y aterrizable. Producto certificado RETIE.",,,,,Certificado RETIE.,,Cajas y Tableros,,Tercol
Cajas de Paso y Mecanismos,Caja de Mecanismos 32 mm,"Caja de mecanismos de 32 mm de profundidad, para empotrar en muro o drywall. Es donde se monta el interruptor o el tomacorriente. La profundidad importa: a más hilos llegando al punto, más caja se necesita para que el mecanismo entre sin forzar el cable.",,32 mm,,,,,Cajas y Tableros,,Tercol
Cajas de Paso y Mecanismos,Caja de Mecanismos 40 mm,"Caja de mecanismos de 40 mm de profundidad, para empotrar en muro o drywall. Es donde se monta el interruptor o el tomacorriente. La profundidad importa: a más hilos llegando al punto, más caja se necesita para que el mecanismo entre sin forzar el cable.",,40 mm,,,,,Cajas y Tableros,,Tercol
Cajas de Paso y Mecanismos,Caja de Mecanismos 42 mm,"Caja de mecanismos de 42 mm de profundidad, para empotrar en muro o drywall. Es donde se monta el interruptor o el tomacorriente. La profundidad importa: a más hilos llegando al punto, más caja se necesita para que el mecanismo entre sin forzar el cable.",,42 mm,,,,,Cajas y Tableros,,Tercol
Cajas de Paso y Mecanismos,Caja de Paso Metálica 15x15 cm,"Caja de paso metálica de 15x15 cm con tapa. No es un tablero: es un punto de registro en medio de la canalización. Sirve para empalmar, derivar y —sobre todo— para halar el cable sin forzarlo, respetando el radio mínimo de curvatura que exige la NTC 2050. En tramos largos o con muchos codos es obligatoria. Admite tubería EMT, IMC o PVC. Producto certificado RETIE.",,15x15 cm,,,"Con chapa, cerradura opcional.",,Cajas y Tableros,,Tercol
Cajas de Paso y Mecanismos,Caja de Paso Metálica 15x20 cm,"Caja de paso metálica de 15x20 cm con tapa. No es un tablero: es un punto de registro en medio de la canalización. Sirve para empalmar, derivar y —sobre todo— para halar el cable sin forzarlo, respetando el radio mínimo de curvatura que exige la NTC 2050. En tramos largos o con muchos codos es obligatoria. Admite tubería EMT, IMC o PVC. Producto certificado RETIE.",,15x20 cm,,,"Con chapa, cerradura opcional.",,Cajas y Tableros,,Tercol
Cajas de Paso y Mecanismos,Caja de Paso Metálica 20x25 cm,"Caja de paso metálica de 20x25 cm con tapa. No es un tablero: es un punto de registro en medio de la canalización. Sirve para empalmar, derivar y —sobre todo— para halar el cable sin forzarlo, respetando el radio mínimo de curvatura que exige la NTC 2050. En tramos largos o con muchos codos es obligatoria. Admite tubería EMT, IMC o PVC. Producto certificado RETIE.",,20x25 cm,,,"Con chapa, cerradura opcional.",,Cajas y Tableros,,Tercol
Cajas de Paso y Mecanismos,Caja de Paso Metálica 28x28 cm,"Caja de paso metálica de 28x28 cm con tapa. No es un tablero: es un punto de registro en medio de la canalización. Sirve para empalmar, derivar y —sobre todo— para halar el cable sin forzarlo, respetando el radio mínimo de curvatura que exige la NTC 2050. En tramos largos o con muchos codos es obligatoria. Admite tubería EMT, IMC o PVC. Producto certificado RETIE.",,28x28 cm,,,"Con chapa, cerradura opcional.",,Cajas y Tableros,,Tercol
Breakers y Protecciones,Breaker Enchufable 1 Pulgada Monopolar 15 A,"Breaker monopolar de 15 A. Protege un circuito de una fase: iluminación, tomas comunes. Breaker termomagnético enchufable de 1 pulgada de ancho. Se monta a presión sobre el barraje del tablero, sin tornillos ni herramienta. Capacidad de corte 10 kA, tensión 120/240 V. Corta tanto por sobrecarga (disparo térmico, lento) como por cortocircuito (disparo magnético, instantáneo). Producto certificado RETIE.",,1x15 A,120/240 V,,"Enchufable, un polo, 10 kA. Certificado RETIE.",,Protección y Control,,Legrand
Breakers y Protecciones,Breaker Enchufable 1 Pulgada Monopolar 20 A,"Breaker monopolar de 20 A. Protege un circuito de una fase: iluminación, tomas comunes. Breaker termomagnético enchufable de 1 pulgada de ancho. Se monta a presión sobre el barraje del tablero, sin tornillos ni herramienta. Capacidad de corte 10 kA, tensión 120/240 V. Corta tanto por sobrecarga (disparo térmico, lento) como por cortocircuito (disparo magnético, instantáneo). Producto certificado RETIE.",,1x20 A,120/240 V,,"Enchufable, un polo, 10 kA. Certificado RETIE.",,Protección y Control,,Legrand
Breakers y Protecciones,Breaker Enchufable 1 Pulgada Monopolar 30 A,"Breaker monopolar de 30 A. Protege un circuito de una fase: iluminación, tomas comunes. Breaker termomagnético enchufable de 1 pulgada de ancho. Se monta a presión sobre el barraje del tablero, sin tornillos ni herramienta. Capacidad de corte 10 kA, tensión 120/240 V. Corta tanto por sobrecarga (disparo térmico, lento) como por cortocircuito (disparo magnético, instantáneo). Producto certificado RETIE.",,1x30 A,120/240 V,,"Enchufable, un polo, 10 kA. Certificado RETIE.",,Protección y Control,,Legrand
Breakers y Protecciones,Breaker Enchufable 1 Pulgada Monopolar 40 A,"Breaker monopolar de 40 A. Protege un circuito de una fase: iluminación, tomas comunes. Breaker termomagnético enchufable de 1 pulgada de ancho. Se monta a presión sobre el barraje del tablero, sin tornillos ni herramienta. Capacidad de corte 10 kA, tensión 120/240 V. Corta tanto por sobrecarga (disparo térmico, lento) como por cortocircuito (disparo magnético, instantáneo). Producto certificado RETIE.",,1x40 A,120/240 V,,"Enchufable, un polo, 10 kA. Certificado RETIE.",,Protección y Control,,Legrand
Breakers y Protecciones,Breaker Enchufable 1 Pulgada Monopolar 50 A,"Breaker monopolar de 50 A. Protege un circuito de una fase: iluminación, tomas comunes. Breaker termomagnético enchufable de 1 pulgada de ancho. Se monta a presión sobre el barraje del tablero, sin tornillos ni herramienta. Capacidad de corte 10 kA, tensión 120/240 V. Corta tanto por sobrecarga (disparo térmico, lento) como por cortocircuito (disparo magnético, instantáneo). Producto certificado RETIE.",,1x50 A,120/240 V,,"Enchufable, un polo, 10 kA. Certificado RETIE.",,Protección y Control,,Legrand
Breakers y Protecciones,Breaker Enchufable 1 Pulgada Monopolar 60 A,"Breaker monopolar de 60 A. Protege un circuito de una fase: iluminación, tomas comunes. Breaker termomagnético enchufable de 1 pulgada de ancho. Se monta a presión sobre el barraje del tablero, sin tornillos ni herramienta. Capacidad de corte 10 kA, tensión 120/240 V. Corta tanto por sobrecarga (disparo térmico, lento) como por cortocircuito (disparo magnético, instantáneo). Producto certificado RETIE.",,1x60 A,120/240 V,,"Enchufable, un polo, 10 kA. Certificado RETIE.",,Protección y Control,,Legrand
Breakers y Protecciones,Breaker Enchufable 1 Pulgada Monopolar 70 A,"Breaker monopolar de 70 A. Protege un circuito de una fase: iluminación, tomas comunes. Breaker termomagnético enchufable de 1 pulgada de ancho. Se monta a presión sobre el barraje del tablero, sin tornillos ni herramienta. Capacidad de corte 10 kA, tensión 120/240 V. Corta tanto por sobrecarga (disparo térmico, lento) como por cortocircuito (disparo magnético, instantáneo). Producto certificado RETIE.",,1x70 A,120/240 V,,"Enchufable, un polo, 10 kA. Certificado RETIE.",,Protección y Control,,Legrand
Breakers y Protecciones,Breaker Enchufable 1 Pulgada Monopolar 90 A,"Breaker monopolar de 90 A. Protege un circuito de una fase: iluminación, tomas comunes. Breaker termomagnético enchufable de 1 pulgada de ancho. Se monta a presión sobre el barraje del tablero, sin tornillos ni herramienta. Capacidad de corte 10 kA, tensión 120/240 V. Corta tanto por sobrecarga (disparo térmico, lento) como por cortocircuito (disparo magnético, instantáneo). Producto certificado RETIE.",,1x90 A,120/240 V,,"Enchufable, un polo, 10 kA. Certificado RETIE.",,Protección y Control,,Legrand
Breakers y Protecciones,Breaker Enchufable 1 Pulgada Monopolar 100 A,"Breaker monopolar de 100 A. Protege un circuito de una fase: iluminación, tomas comunes. Breaker termomagnético enchufable de 1 pulgada de ancho. Se monta a presión sobre el barraje del tablero, sin tornillos ni herramienta. Capacidad de corte 10 kA, tensión 120/240 V. Corta tanto por sobrecarga (disparo térmico, lento) como por cortocircuito (disparo magnético, instantáneo). Producto certificado RETIE.",,1x100 A,120/240 V,,"Enchufable, un polo, 10 kA. Certificado RETIE.",,Protección y Control,,Legrand
Breakers y Protecciones,Breaker Enchufable 1 Pulgada Bipolar 15 A,"Breaker bipolar de 15 A. Protege dos fases a la vez y las corta juntas —si falla una, caen ambas—, como pide una carga de 240 V (ducha, horno, aire). Breaker termomagnético enchufable de 1 pulgada de ancho. Se monta a presión sobre el barraje del tablero, sin tornillos ni herramienta. Capacidad de corte 10 kA, tensión 120/240 V. Corta tanto por sobrecarga (disparo térmico, lento) como por cortocircuito (disparo magnético, instantáneo). Producto certificado RETIE.",,2x15 A,120/240 V,,"Enchufable, dos polos, 10 kA. Certificado RETIE.",,Protección y Control,,Legrand
Breakers y Protecciones,Breaker Enchufable 1 Pulgada Bipolar 20 A,"Breaker bipolar de 20 A. Protege dos fases a la vez y las corta juntas —si falla una, caen ambas—, como pide una carga de 240 V (ducha, horno, aire). Breaker termomagnético enchufable de 1 pulgada de ancho. Se monta a presión sobre el barraje del tablero, sin tornillos ni herramienta. Capacidad de corte 10 kA, tensión 120/240 V. Corta tanto por sobrecarga (disparo térmico, lento) como por cortocircuito (disparo magnético, instantáneo). Producto certificado RETIE.",,2x20 A,120/240 V,,"Enchufable, dos polos, 10 kA. Certificado RETIE.",,Protección y Control,,Legrand
Breakers y Protecciones,Breaker Enchufable 1 Pulgada Bipolar 30 A,"Breaker bipolar de 30 A. Protege dos fases a la vez y las corta juntas —si falla una, caen ambas—, como pide una carga de 240 V (ducha, horno, aire). Breaker termomagnético enchufable de 1 pulgada de ancho. Se monta a presión sobre el barraje del tablero, sin tornillos ni herramienta. Capacidad de corte 10 kA, tensión 120/240 V. Corta tanto por sobrecarga (disparo térmico, lento) como por cortocircuito (disparo magnético, instantáneo). Producto certificado RETIE.",,2x30 A,120/240 V,,"Enchufable, dos polos, 10 kA. Certificado RETIE.",,Protección y Control,,Legrand
Breakers y Protecciones,Breaker Enchufable 1 Pulgada Bipolar 40 A,"Breaker bipolar de 40 A. Protege dos fases a la vez y las corta juntas —si falla una, caen ambas—, como pide una carga de 240 V (ducha, horno, aire). Breaker termomagnético enchufable de 1 pulgada de ancho. Se monta a presión sobre el barraje del tablero, sin tornillos ni herramienta. Capacidad de corte 10 kA, tensión 120/240 V. Corta tanto por sobrecarga (disparo térmico, lento) como por cortocircuito (disparo magnético, instantáneo). Producto certificado RETIE.",,2x40 A,120/240 V,,"Enchufable, dos polos, 10 kA. Certificado RETIE.",,Protección y Control,,Legrand
Breakers y Protecciones,Breaker Enchufable 1 Pulgada Bipolar 50 A,"Breaker bipolar de 50 A. Protege dos fases a la vez y las corta juntas —si falla una, caen ambas—, como pide una carga de 240 V (ducha, horno, aire). Breaker termomagnético enchufable de 1 pulgada de ancho. Se monta a presión sobre el barraje del tablero, sin tornillos ni herramienta. Capacidad de corte 10 kA, tensión 120/240 V. Corta tanto por sobrecarga (disparo térmico, lento) como por cortocircuito (disparo magnético, instantáneo). Producto certificado RETIE.",,2x50 A,120/240 V,,"Enchufable, dos polos, 10 kA. Certificado RETIE.",,Protección y Control,,Legrand
Breakers y Protecciones,Breaker Enchufable 1 Pulgada Bipolar 60 A,"Breaker bipolar de 60 A. Protege dos fases a la vez y las corta juntas —si falla una, caen ambas—, como pide una carga de 240 V (ducha, horno, aire). Breaker termomagnético enchufable de 1 pulgada de ancho. Se monta a presión sobre el barraje del tablero, sin tornillos ni herramienta. Capacidad de corte 10 kA, tensión 120/240 V. Corta tanto por sobrecarga (disparo térmico, lento) como por cortocircuito (disparo magnético, instantáneo). Producto certificado RETIE.",,2x60 A,120/240 V,,"Enchufable, dos polos, 10 kA. Certificado RETIE.",,Protección y Control,,Legrand
Breakers y Protecciones,Breaker Enchufable 1 Pulgada Bipolar 70 A,"Breaker bipolar de 70 A. Protege dos fases a la vez y las corta juntas —si falla una, caen ambas—, como pide una carga de 240 V (ducha, horno, aire). Breaker termomagnético enchufable de 1 pulgada de ancho. Se monta a presión sobre el barraje del tablero, sin tornillos ni herramienta. Capacidad de corte 10 kA, tensión 120/240 V. Corta tanto por sobrecarga (disparo térmico, lento) como por cortocircuito (disparo magnético, instantáneo). Producto certificado RETIE.",,2x70 A,120/240 V,,"Enchufable, dos polos, 10 kA. Certificado RETIE.",,Protección y Control,,Legrand
Breakers y Protecciones,Breaker Enchufable 1 Pulgada Bipolar 90 A,"Breaker bipolar de 90 A. Protege dos fases a la vez y las corta juntas —si falla una, caen ambas—, como pide una carga de 240 V (ducha, horno, aire). Breaker termomagnético enchufable de 1 pulgada de ancho. Se monta a presión sobre el barraje del tablero, sin tornillos ni herramienta. Capacidad de corte 10 kA, tensión 120/240 V. Corta tanto por sobrecarga (disparo térmico, lento) como por cortocircuito (disparo magnético, instantáneo). Producto certificado RETIE.",,2x90 A,120/240 V,,"Enchufable, dos polos, 10 kA. Certificado RETIE.",,Protección y Control,,Legrand
Breakers y Protecciones,Breaker Enchufable 1 Pulgada Bipolar 100 A,"Breaker bipolar de 100 A. Protege dos fases a la vez y las corta juntas —si falla una, caen ambas—, como pide una carga de 240 V (ducha, horno, aire). Breaker termomagnético enchufable de 1 pulgada de ancho. Se monta a presión sobre el barraje del tablero, sin tornillos ni herramienta. Capacidad de corte 10 kA, tensión 120/240 V. Corta tanto por sobrecarga (disparo térmico, lento) como por cortocircuito (disparo magnético, instantáneo). Producto certificado RETIE.",,2x100 A,120/240 V,,"Enchufable, dos polos, 10 kA. Certificado RETIE.",,Protección y Control,,Legrand
Breakers y Protecciones,Breaker Enchufable 1 Pulgada Tripolar 15 A,"Breaker tripolar de 15 A. Protege las tres fases y las corta simultáneamente, que es lo que exige un motor o cualquier carga trifásica: si se cae una sola fase, el motor se quema. Breaker termomagnético enchufable de 1 pulgada de ancho. Se monta a presión sobre el barraje del tablero, sin tornillos ni herramienta. Capacidad de corte 10 kA, tensión 120/240 V. Corta tanto por sobrecarga (disparo térmico, lento) como por cortocircuito (disparo magnético, instantáneo). Producto certificado RETIE.",,3x15 A,120/240 V,,"Enchufable, tres polos, 10 kA. Certificado RETIE.",,Protección y Control,,Legrand
Breakers y Protecciones,Breaker Enchufable 1 Pulgada Tripolar 20 A,"Breaker tripolar de 20 A. Protege las tres fases y las corta simultáneamente, que es lo que exige un motor o cualquier carga trifásica: si se cae una sola fase, el motor se quema. Breaker termomagnético enchufable de 1 pulgada de ancho. Se monta a presión sobre el barraje del tablero, sin tornillos ni herramienta. Capacidad de corte 10 kA, tensión 120/240 V. Corta tanto por sobrecarga (disparo térmico, lento) como por cortocircuito (disparo magnético, instantáneo). Producto certificado RETIE.",,3x20 A,120/240 V,,"Enchufable, tres polos, 10 kA. Certificado RETIE.",,Protección y Control,,Legrand
Breakers y Protecciones,Breaker Enchufable 1 Pulgada Tripolar 30 A,"Breaker tripolar de 30 A. Protege las tres fases y las corta simultáneamente, que es lo que exige un motor o cualquier carga trifásica: si se cae una sola fase, el motor se quema. Breaker termomagnético enchufable de 1 pulgada de ancho. Se monta a presión sobre el barraje del tablero, sin tornillos ni herramienta. Capacidad de corte 10 kA, tensión 120/240 V. Corta tanto por sobrecarga (disparo térmico, lento) como por cortocircuito (disparo magnético, instantáneo). Producto certificado RETIE.",,3x30 A,120/240 V,,"Enchufable, tres polos, 10 kA. Certificado RETIE.",,Protección y Control,,Legrand
Breakers y Protecciones,Breaker Enchufable 1 Pulgada Tripolar 40 A,"Breaker tripolar de 40 A. Protege las tres fases y las corta simultáneamente, que es lo que exige un motor o cualquier carga trifásica: si se cae una sola fase, el motor se quema. Breaker termomagnético enchufable de 1 pulgada de ancho. Se monta a presión sobre el barraje del tablero, sin tornillos ni herramienta. Capacidad de corte 10 kA, tensión 120/240 V. Corta tanto por sobrecarga (disparo térmico, lento) como por cortocircuito (disparo magnético, instantáneo). Producto certificado RETIE.",,3x40 A,120/240 V,,"Enchufable, tres polos, 10 kA. Certificado RETIE.",,Protección y Control,,Legrand
Breakers y Protecciones,Breaker Enchufable 1 Pulgada Tripolar 50 A,"Breaker tripolar de 50 A. Protege las tres fases y las corta simultáneamente, que es lo que exige un motor o cualquier carga trifásica: si se cae una sola fase, el motor se quema. Breaker termomagnético enchufable de 1 pulgada de ancho. Se monta a presión sobre el barraje del tablero, sin tornillos ni herramienta. Capacidad de corte 10 kA, tensión 120/240 V. Corta tanto por sobrecarga (disparo térmico, lento) como por cortocircuito (disparo magnético, instantáneo). Producto certificado RETIE.",,3x50 A,120/240 V,,"Enchufable, tres polos, 10 kA. Certificado RETIE.",,Protección y Control,,Legrand
Breakers y Protecciones,Breaker Enchufable 1 Pulgada Tripolar 60 A,"Breaker tripolar de 60 A. Protege las tres fases y las corta simultáneamente, que es lo que exige un motor o cualquier carga trifásica: si se cae una sola fase, el motor se quema. Breaker termomagnético enchufable de 1 pulgada de ancho. Se monta a presión sobre el barraje del tablero, sin tornillos ni herramienta. Capacidad de corte 10 kA, tensión 120/240 V. Corta tanto por sobrecarga (disparo térmico, lento) como por cortocircuito (disparo magnético, instantáneo). Producto certificado RETIE.",,3x60 A,120/240 V,,"Enchufable, tres polos, 10 kA. Certificado RETIE.",,Protección y Control,,Legrand
Breakers y Protecciones,Breaker Enchufable 1 Pulgada Tripolar 70 A,"Breaker tripolar de 70 A. Protege las tres fases y las corta simultáneamente, que es lo que exige un motor o cualquier carga trifásica: si se cae una sola fase, el motor se quema. Breaker termomagnético enchufable de 1 pulgada de ancho. Se monta a presión sobre el barraje del tablero, sin tornillos ni herramienta. Capacidad de corte 10 kA, tensión 120/240 V. Corta tanto por sobrecarga (disparo térmico, lento) como por cortocircuito (disparo magnético, instantáneo). Producto certificado RETIE.",,3x70 A,120/240 V,,"Enchufable, tres polos, 10 kA. Certificado RETIE.",,Protección y Control,,Legrand
Breakers y Protecciones,Breaker Enchufable 1 Pulgada Tripolar 90 A,"Breaker tripolar de 90 A. Protege las tres fases y las corta simultáneamente, que es lo que exige un motor o cualquier carga trifásica: si se cae una sola fase, el motor se quema. Breaker termomagnético enchufable de 1 pulgada de ancho. Se monta a presión sobre el barraje del tablero, sin tornillos ni herramienta. Capacidad de corte 10 kA, tensión 120/240 V. Corta tanto por sobrecarga (disparo térmico, lento) como por cortocircuito (disparo magnético, instantáneo). Producto certificado RETIE.",,3x90 A,120/240 V,,"Enchufable, tres polos, 10 kA. Certificado RETIE.",,Protección y Control,,Legrand
Breakers y Protecciones,Breaker Enchufable 1 Pulgada Tripolar 100 A,"Breaker tripolar de 100 A. Protege las tres fases y las corta simultáneamente, que es lo que exige un motor o cualquier carga trifásica: si se cae una sola fase, el motor se quema. Breaker termomagnético enchufable de 1 pulgada de ancho. Se monta a presión sobre el barraje del tablero, sin tornillos ni herramienta. Capacidad de corte 10 kA, tensión 120/240 V. Corta tanto por sobrecarga (disparo térmico, lento) como por cortocircuito (disparo magnético, instantáneo). Producto certificado RETIE.",,3x100 A,120/240 V,,"Enchufable, tres polos, 10 kA. Certificado RETIE.",,Protección y Control,,Legrand
Breakers y Protecciones,Breaker Enchufable 19 mm Monopolar 15 A,"Breaker monopolar de 15 A. Protege un circuito de una fase: iluminación, tomas comunes. Breaker termomagnético enchufable de 19 mm, más angosto que el estándar de 1 pulgada: por eso caben más circuitos en el mismo tablero. Norma UL-489, capacidad de corte 10 kA, 120/240 V, 60 Hz. Trae contactos protegidos y un visor que muestra si el breaker se disparó por falla o si alguien lo bajó a mano. Aguanta 6.000 maniobras eléctricas y 4.000 mecánicas. A 40 A admite conductor hasta 13,3 mm² (No 6 AWG). Va en tableros monofásicos especiales. Corta tanto por sobrecarga (disparo térmico, lento) como por cortocircuito (disparo magnético, instantáneo). Producto certificado RETIE.",,1x15 A,120/240 V,,"Enchufable 19 mm, 10 kA, UL-489. Exclusivo tableros monofásicos especiales.",,Protección y Control,,Legrand
Breakers y Protecciones,Breaker Enchufable 19 mm Monopolar 20 A,"Breaker monopolar de 20 A. Protege un circuito de una fase: iluminación, tomas comunes. Breaker termomagnético enchufable de 19 mm, más angosto que el estándar de 1 pulgada: por eso caben más circuitos en el mismo tablero. Norma UL-489, capacidad de corte 10 kA, 120/240 V, 60 Hz. Trae contactos protegidos y un visor que muestra si el breaker se disparó por falla o si alguien lo bajó a mano. Aguanta 6.000 maniobras eléctricas y 4.000 mecánicas. A 40 A admite conductor hasta 13,3 mm² (No 6 AWG). Va en tableros monofásicos especiales. Corta tanto por sobrecarga (disparo térmico, lento) como por cortocircuito (disparo magnético, instantáneo). Producto certificado RETIE.",,1x20 A,120/240 V,,"Enchufable 19 mm, 10 kA, UL-489. Exclusivo tableros monofásicos especiales.",,Protección y Control,,Legrand
Breakers y Protecciones,Breaker Enchufable 19 mm Monopolar 30 A,"Breaker monopolar de 30 A. Protege un circuito de una fase: iluminación, tomas comunes. Breaker termomagnético enchufable de 19 mm, más angosto que el estándar de 1 pulgada: por eso caben más circuitos en el mismo tablero. Norma UL-489, capacidad de corte 10 kA, 120/240 V, 60 Hz. Trae contactos protegidos y un visor que muestra si el breaker se disparó por falla o si alguien lo bajó a mano. Aguanta 6.000 maniobras eléctricas y 4.000 mecánicas. A 40 A admite conductor hasta 13,3 mm² (No 6 AWG). Va en tableros monofásicos especiales. Corta tanto por sobrecarga (disparo térmico, lento) como por cortocircuito (disparo magnético, instantáneo). Producto certificado RETIE.",,1x30 A,120/240 V,,"Enchufable 19 mm, 10 kA, UL-489. Exclusivo tableros monofásicos especiales.",,Protección y Control,,Legrand
Breakers y Protecciones,Breaker Enchufable 19 mm Monopolar 40 A,"Breaker monopolar de 40 A. Protege un circuito de una fase: iluminación, tomas comunes. Breaker termomagnético enchufable de 19 mm, más angosto que el estándar de 1 pulgada: por eso caben más circuitos en el mismo tablero. Norma UL-489, capacidad de corte 10 kA, 120/240 V, 60 Hz. Trae contactos protegidos y un visor que muestra si el breaker se disparó por falla o si alguien lo bajó a mano. Aguanta 6.000 maniobras eléctricas y 4.000 mecánicas. A 40 A admite conductor hasta 13,3 mm² (No 6 AWG). Va en tableros monofásicos especiales. Corta tanto por sobrecarga (disparo térmico, lento) como por cortocircuito (disparo magnético, instantáneo). Producto certificado RETIE.",,1x40 A,120/240 V,,"Enchufable 19 mm, 10 kA, UL-489. Exclusivo tableros monofásicos especiales.",,Protección y Control,,Legrand
Breakers y Protecciones,Breaker Enchufable 19 mm Bipolar 15 A,"Breaker bipolar de 15 A. Protege dos fases a la vez y las corta juntas —si falla una, caen ambas—, como pide una carga de 240 V (ducha, horno, aire). Breaker termomagnético enchufable de 19 mm, más angosto que el estándar de 1 pulgada: por eso caben más circuitos en el mismo tablero. Norma UL-489, capacidad de corte 10 kA, 120/240 V, 60 Hz. Trae contactos protegidos y un visor que muestra si el breaker se disparó por falla o si alguien lo bajó a mano. Aguanta 6.000 maniobras eléctricas y 4.000 mecánicas. A 40 A admite conductor hasta 13,3 mm² (No 6 AWG). Va en tableros monofásicos especiales. Corta tanto por sobrecarga (disparo térmico, lento) como por cortocircuito (disparo magnético, instantáneo). Producto certificado RETIE.",,2x15 A,120/240 V,,"Enchufable 19 mm, 10 kA, UL-489. Exclusivo tableros monofásicos especiales.",,Protección y Control,,Legrand
Breakers y Protecciones,Breaker Enchufable 19 mm Bipolar 20 A,"Breaker bipolar de 20 A. Protege dos fases a la vez y las corta juntas —si falla una, caen ambas—, como pide una carga de 240 V (ducha, horno, aire). Breaker termomagnético enchufable de 19 mm, más angosto que el estándar de 1 pulgada: por eso caben más circuitos en el mismo tablero. Norma UL-489, capacidad de corte 10 kA, 120/240 V, 60 Hz. Trae contactos protegidos y un visor que muestra si el breaker se disparó por falla o si alguien lo bajó a mano. Aguanta 6.000 maniobras eléctricas y 4.000 mecánicas. A 40 A admite conductor hasta 13,3 mm² (No 6 AWG). Va en tableros monofásicos especiales. Corta tanto por sobrecarga (disparo térmico, lento) como por cortocircuito (disparo magnético, instantáneo). Producto certificado RETIE.",,2x20 A,120/240 V,,"Enchufable 19 mm, 10 kA, UL-489. Exclusivo tableros monofásicos especiales.",,Protección y Control,,Legrand
Breakers y Protecciones,Breaker Enchufable 19 mm Bipolar 30 A,"Breaker bipolar de 30 A. Protege dos fases a la vez y las corta juntas —si falla una, caen ambas—, como pide una carga de 240 V (ducha, horno, aire). Breaker termomagnético enchufable de 19 mm, más angosto que el estándar de 1 pulgada: por eso caben más circuitos en el mismo tablero. Norma UL-489, capacidad de corte 10 kA, 120/240 V, 60 Hz. Trae contactos protegidos y un visor que muestra si el breaker se disparó por falla o si alguien lo bajó a mano. Aguanta 6.000 maniobras eléctricas y 4.000 mecánicas. A 40 A admite conductor hasta 13,3 mm² (No 6 AWG). Va en tableros monofásicos especiales. Corta tanto por sobrecarga (disparo térmico, lento) como por cortocircuito (disparo magnético, instantáneo). Producto certificado RETIE.",,2x30 A,120/240 V,,"Enchufable 19 mm, 10 kA, UL-489. Exclusivo tableros monofásicos especiales.",,Protección y Control,,Legrand
Breakers y Protecciones,Breaker Enchufable 19 mm Bipolar 40 A,"Breaker bipolar de 40 A. Protege dos fases a la vez y las corta juntas —si falla una, caen ambas—, como pide una carga de 240 V (ducha, horno, aire). Breaker termomagnético enchufable de 19 mm, más angosto que el estándar de 1 pulgada: por eso caben más circuitos en el mismo tablero. Norma UL-489, capacidad de corte 10 kA, 120/240 V, 60 Hz. Trae contactos protegidos y un visor que muestra si el breaker se disparó por falla o si alguien lo bajó a mano. Aguanta 6.000 maniobras eléctricas y 4.000 mecánicas. A 40 A admite conductor hasta 13,3 mm² (No 6 AWG). Va en tableros monofásicos especiales. Corta tanto por sobrecarga (disparo térmico, lento) como por cortocircuito (disparo magnético, instantáneo). Producto certificado RETIE.",,2x40 A,120/240 V,,"Enchufable 19 mm, 10 kA, UL-489. Exclusivo tableros monofásicos especiales.",,Protección y Control,,Legrand
Breakers y Protecciones,Breaker Riel DIN Monopolar 6 A,"Breaker monopolar de 6 A. Protege un circuito de una fase: iluminación, tomas comunes. Interruptor automático miniatura (MCB) para riel DIN de 35 mm, curva C. La curva C es la de uso general: tolera el pico de arranque de bombillas, tomas y motores pequeños sin dispararse en falso, pero corta de inmediato ante un cortocircuito real. Se monta a presión sobre el riel. Corta tanto por sobrecarga (disparo térmico, lento) como por cortocircuito (disparo magnético, instantáneo). Producto certificado RETIE.",,1x6 A,230/440 V,,"Riel DIN, curva C, un polo. Certificado RETIE.",,Protección y Control,,Legrand
Breakers y Protecciones,Breaker Riel DIN Monopolar 10 A,"Breaker monopolar de 10 A. Protege un circuito de una fase: iluminación, tomas comunes. Interruptor automático miniatura (MCB) para riel DIN de 35 mm, curva C. La curva C es la de uso general: tolera el pico de arranque de bombillas, tomas y motores pequeños sin dispararse en falso, pero corta de inmediato ante un cortocircuito real. Se monta a presión sobre el riel. Corta tanto por sobrecarga (disparo térmico, lento) como por cortocircuito (disparo magnético, instantáneo). Producto certificado RETIE.",,1x10 A,230/440 V,,"Riel DIN, curva C, un polo. Certificado RETIE.",,Protección y Control,,Legrand
Breakers y Protecciones,Breaker Riel DIN Monopolar 16 A,"Breaker monopolar de 16 A. Protege un circuito de una fase: iluminación, tomas comunes. Interruptor automático miniatura (MCB) para riel DIN de 35 mm, curva C. La curva C es la de uso general: tolera el pico de arranque de bombillas, tomas y motores pequeños sin dispararse en falso, pero corta de inmediato ante un cortocircuito real. Se monta a presión sobre el riel. Corta tanto por sobrecarga (disparo térmico, lento) como por cortocircuito (disparo magnético, instantáneo). Producto certificado RETIE.",,1x16 A,230/440 V,,"Riel DIN, curva C, un polo. Certificado RETIE.",,Protección y Control,,Legrand
Breakers y Protecciones,Breaker Riel DIN Monopolar 20 A,"Breaker monopolar de 20 A. Protege un circuito de una fase: iluminación, tomas comunes. Interruptor automático miniatura (MCB) para riel DIN de 35 mm, curva C. La curva C es la de uso general: tolera el pico de arranque de bombillas, tomas y motores pequeños sin dispararse en falso, pero corta de inmediato ante un cortocircuito real. Se monta a presión sobre el riel. Corta tanto por sobrecarga (disparo térmico, lento) como por cortocircuito (disparo magnético, instantáneo). Producto certificado RETIE.",,1x20 A,230/440 V,,"Riel DIN, curva C, un polo. Certificado RETIE.",,Protección y Control,,Legrand
Breakers y Protecciones,Breaker Riel DIN Monopolar 25 A,"Breaker monopolar de 25 A. Protege un circuito de una fase: iluminación, tomas comunes. Interruptor automático miniatura (MCB) para riel DIN de 35 mm, curva C. La curva C es la de uso general: tolera el pico de arranque de bombillas, tomas y motores pequeños sin dispararse en falso, pero corta de inmediato ante un cortocircuito real. Se monta a presión sobre el riel. Corta tanto por sobrecarga (disparo térmico, lento) como por cortocircuito (disparo magnético, instantáneo). Producto certificado RETIE.",,1x25 A,230/440 V,,"Riel DIN, curva C, un polo. Certificado RETIE.",,Protección y Control,,Legrand
Breakers y Protecciones,Breaker Riel DIN Monopolar 32 A,"Breaker monopolar de 32 A. Protege un circuito de una fase: iluminación, tomas comunes. Interruptor automático miniatura (MCB) para riel DIN de 35 mm, curva C. La curva C es la de uso general: tolera el pico de arranque de bombillas, tomas y motores pequeños sin dispararse en falso, pero corta de inmediato ante un cortocircuito real. Se monta a presión sobre el riel. Corta tanto por sobrecarga (disparo térmico, lento) como por cortocircuito (disparo magnético, instantáneo). Producto certificado RETIE.",,1x32 A,230/440 V,,"Riel DIN, curva C, un polo. Certificado RETIE.",,Protección y Control,,Legrand
Breakers y Protecciones,Breaker Riel DIN Monopolar 40 A,"Breaker monopolar de 40 A. Protege un circuito de una fase: iluminación, tomas comunes. Interruptor automático miniatura (MCB) para riel DIN de 35 mm, curva C. La curva C es la de uso general: tolera el pico de arranque de bombillas, tomas y motores pequeños sin dispararse en falso, pero corta de inmediato ante un cortocircuito real. Se monta a presión sobre el riel. Corta tanto por sobrecarga (disparo térmico, lento) como por cortocircuito (disparo magnético, instantáneo). Producto certificado RETIE.",,1x40 A,230/440 V,,"Riel DIN, curva C, un polo. Certificado RETIE.",,Protección y Control,,Legrand
Breakers y Protecciones,Breaker Riel DIN Monopolar 50 A,"Breaker monopolar de 50 A. Protege un circuito de una fase: iluminación, tomas comunes. Interruptor automático miniatura (MCB) para riel DIN de 35 mm, curva C. La curva C es la de uso general: tolera el pico de arranque de bombillas, tomas y motores pequeños sin dispararse en falso, pero corta de inmediato ante un cortocircuito real. Se monta a presión sobre el riel. Corta tanto por sobrecarga (disparo térmico, lento) como por cortocircuito (disparo magnético, instantáneo). Producto certificado RETIE.",,1x50 A,230/440 V,,"Riel DIN, curva C, un polo. Certificado RETIE.",,Protección y Control,,Legrand
Breakers y Protecciones,Breaker Riel DIN Monopolar 63 A,"Breaker monopolar de 63 A. Protege un circuito de una fase: iluminación, tomas comunes. Interruptor automático miniatura (MCB) para riel DIN de 35 mm, curva C. La curva C es la de uso general: tolera el pico de arranque de bombillas, tomas y motores pequeños sin dispararse en falso, pero corta de inmediato ante un cortocircuito real. Se monta a presión sobre el riel. Corta tanto por sobrecarga (disparo térmico, lento) como por cortocircuito (disparo magnético, instantáneo). Producto certificado RETIE.",,1x63 A,230/440 V,,"Riel DIN, curva C, un polo. Certificado RETIE.",,Protección y Control,,Legrand
Breakers y Protecciones,Breaker Riel DIN Bipolar 6 A,"Breaker bipolar de 6 A. Protege dos fases a la vez y las corta juntas —si falla una, caen ambas—, como pide una carga de 240 V (ducha, horno, aire). Interruptor automático miniatura (MCB) para riel DIN de 35 mm, curva C. La curva C es la de uso general: tolera el pico de arranque de bombillas, tomas y motores pequeños sin dispararse en falso, pero corta de inmediato ante un cortocircuito real. Se monta a presión sobre el riel. Corta tanto por sobrecarga (disparo térmico, lento) como por cortocircuito (disparo magnético, instantáneo). Producto certificado RETIE.",,2x6 A,230/440 V,,"Riel DIN, curva C, dos polos. Certificado RETIE.",,Protección y Control,,Legrand
Breakers y Protecciones,Breaker Riel DIN Bipolar 10 A,"Breaker bipolar de 10 A. Protege dos fases a la vez y las corta juntas —si falla una, caen ambas—, como pide una carga de 240 V (ducha, horno, aire). Interruptor automático miniatura (MCB) para riel DIN de 35 mm, curva C. La curva C es la de uso general: tolera el pico de arranque de bombillas, tomas y motores pequeños sin dispararse en falso, pero corta de inmediato ante un cortocircuito real. Se monta a presión sobre el riel. Corta tanto por sobrecarga (disparo térmico, lento) como por cortocircuito (disparo magnético, instantáneo). Producto certificado RETIE.",,2x10 A,230/440 V,,"Riel DIN, curva C, dos polos. Certificado RETIE.",,Protección y Control,,Legrand
Breakers y Protecciones,Breaker Riel DIN Bipolar 16 A,"Breaker bipolar de 16 A. Protege dos fases a la vez y las corta juntas —si falla una, caen ambas—, como pide una carga de 240 V (ducha, horno, aire). Interruptor automático miniatura (MCB) para riel DIN de 35 mm, curva C. La curva C es la de uso general: tolera el pico de arranque de bombillas, tomas y motores pequeños sin dispararse en falso, pero corta de inmediato ante un cortocircuito real. Se monta a presión sobre el riel. Corta tanto por sobrecarga (disparo térmico, lento) como por cortocircuito (disparo magnético, instantáneo). Producto certificado RETIE.",,2x16 A,230/440 V,,"Riel DIN, curva C, dos polos. Certificado RETIE.",,Protección y Control,,Legrand
Breakers y Protecciones,Breaker Riel DIN Bipolar 20 A,"Breaker bipolar de 20 A. Protege dos fases a la vez y las corta juntas —si falla una, caen ambas—, como pide una carga de 240 V (ducha, horno, aire). Interruptor automático miniatura (MCB) para riel DIN de 35 mm, curva C. La curva C es la de uso general: tolera el pico de arranque de bombillas, tomas y motores pequeños sin dispararse en falso, pero corta de inmediato ante un cortocircuito real. Se monta a presión sobre el riel. Corta tanto por sobrecarga (disparo térmico, lento) como por cortocircuito (disparo magnético, instantáneo). Producto certificado RETIE.",,2x20 A,230/440 V,,"Riel DIN, curva C, dos polos. Certificado RETIE.",,Protección y Control,,Legrand
Breakers y Protecciones,Breaker Riel DIN Bipolar 25 A,"Breaker bipolar de 25 A. Protege dos fases a la vez y las corta juntas —si falla una, caen ambas—, como pide una carga de 240 V (ducha, horno, aire). Interruptor automático miniatura (MCB) para riel DIN de 35 mm, curva C. La curva C es la de uso general: tolera el pico de arranque de bombillas, tomas y motores pequeños sin dispararse en falso, pero corta de inmediato ante un cortocircuito real. Se monta a presión sobre el riel. Corta tanto por sobrecarga (disparo térmico, lento) como por cortocircuito (disparo magnético, instantáneo). Producto certificado RETIE.",,2x25 A,230/440 V,,"Riel DIN, curva C, dos polos. Certificado RETIE.",,Protección y Control,,Legrand
Breakers y Protecciones,Breaker Riel DIN Bipolar 32 A,"Breaker bipolar de 32 A. Protege dos fases a la vez y las corta juntas —si falla una, caen ambas—, como pide una carga de 240 V (ducha, horno, aire). Interruptor automático miniatura (MCB) para riel DIN de 35 mm, curva C. La curva C es la de uso general: tolera el pico de arranque de bombillas, tomas y motores pequeños sin dispararse en falso, pero corta de inmediato ante un cortocircuito real. Se monta a presión sobre el riel. Corta tanto por sobrecarga (disparo térmico, lento) como por cortocircuito (disparo magnético, instantáneo). Producto certificado RETIE.",,2x32 A,230/440 V,,"Riel DIN, curva C, dos polos. Certificado RETIE.",,Protección y Control,,Legrand
Breakers y Protecciones,Breaker Riel DIN Bipolar 40 A,"Breaker bipolar de 40 A. Protege dos fases a la vez y las corta juntas —si falla una, caen ambas—, como pide una carga de 240 V (ducha, horno, aire). Interruptor automático miniatura (MCB) para riel DIN de 35 mm, curva C. La curva C es la de uso general: tolera el pico de arranque de bombillas, tomas y motores pequeños sin dispararse en falso, pero corta de inmediato ante un cortocircuito real. Se monta a presión sobre el riel. Corta tanto por sobrecarga (disparo térmico, lento) como por cortocircuito (disparo magnético, instantáneo). Producto certificado RETIE.",,2x40 A,230/440 V,,"Riel DIN, curva C, dos polos. Certificado RETIE.",,Protección y Control,,Legrand
Breakers y Protecciones,Breaker Riel DIN Bipolar 50 A,"Breaker bipolar de 50 A. Protege dos fases a la vez y las corta juntas —si falla una, caen ambas—, como pide una carga de 240 V (ducha, horno, aire). Interruptor automático miniatura (MCB) para riel DIN de 35 mm, curva C. La curva C es la de uso general: tolera el pico de arranque de bombillas, tomas y motores pequeños sin dispararse en falso, pero corta de inmediato ante un cortocircuito real. Se monta a presión sobre el riel. Corta tanto por sobrecarga (disparo térmico, lento) como por cortocircuito (disparo magnético, instantáneo). Producto certificado RETIE.",,2x50 A,230/440 V,,"Riel DIN, curva C, dos polos. Certificado RETIE.",,Protección y Control,,Legrand
Breakers y Protecciones,Breaker Riel DIN Bipolar 63 A,"Breaker bipolar de 63 A. Protege dos fases a la vez y las corta juntas —si falla una, caen ambas—, como pide una carga de 240 V (ducha, horno, aire). Interruptor automático miniatura (MCB) para riel DIN de 35 mm, curva C. La curva C es la de uso general: tolera el pico de arranque de bombillas, tomas y motores pequeños sin dispararse en falso, pero corta de inmediato ante un cortocircuito real. Se monta a presión sobre el riel. Corta tanto por sobrecarga (disparo térmico, lento) como por cortocircuito (disparo magnético, instantáneo). Producto certificado RETIE.",,2x63 A,230/440 V,,"Riel DIN, curva C, dos polos. Certificado RETIE.",,Protección y Control,,Legrand
Breakers y Protecciones,Breaker Riel DIN Tripolar 6 A,"Breaker tripolar de 6 A. Protege las tres fases y las corta simultáneamente, que es lo que exige un motor o cualquier carga trifásica: si se cae una sola fase, el motor se quema. Interruptor automático miniatura (MCB) para riel DIN de 35 mm, curva C. La curva C es la de uso general: tolera el pico de arranque de bombillas, tomas y motores pequeños sin dispararse en falso, pero corta de inmediato ante un cortocircuito real. Se monta a presión sobre el riel. Corta tanto por sobrecarga (disparo térmico, lento) como por cortocircuito (disparo magnético, instantáneo). Producto certificado RETIE.",,3x6 A,230/440 V,,"Riel DIN, curva C, tres polos. Certificado RETIE.",,Protección y Control,,Legrand
Breakers y Protecciones,Breaker Riel DIN Tripolar 10 A,"Breaker tripolar de 10 A. Protege las tres fases y las corta simultáneamente, que es lo que exige un motor o cualquier carga trifásica: si se cae una sola fase, el motor se quema. Interruptor automático miniatura (MCB) para riel DIN de 35 mm, curva C. La curva C es la de uso general: tolera el pico de arranque de bombillas, tomas y motores pequeños sin dispararse en falso, pero corta de inmediato ante un cortocircuito real. Se monta a presión sobre el riel. Corta tanto por sobrecarga (disparo térmico, lento) como por cortocircuito (disparo magnético, instantáneo). Producto certificado RETIE.",,3x10 A,230/440 V,,"Riel DIN, curva C, tres polos. Certificado RETIE.",,Protección y Control,,Legrand
Breakers y Protecciones,Breaker Riel DIN Tripolar 16 A,"Breaker tripolar de 16 A. Protege las tres fases y las corta simultáneamente, que es lo que exige un motor o cualquier carga trifásica: si se cae una sola fase, el motor se quema. Interruptor automático miniatura (MCB) para riel DIN de 35 mm, curva C. La curva C es la de uso general: tolera el pico de arranque de bombillas, tomas y motores pequeños sin dispararse en falso, pero corta de inmediato ante un cortocircuito real. Se monta a presión sobre el riel. Corta tanto por sobrecarga (disparo térmico, lento) como por cortocircuito (disparo magnético, instantáneo). Producto certificado RETIE.",,3x16 A,230/440 V,,"Riel DIN, curva C, tres polos. Certificado RETIE.",,Protección y Control,,Legrand
Breakers y Protecciones,Breaker Riel DIN Tripolar 20 A,"Breaker tripolar de 20 A. Protege las tres fases y las corta simultáneamente, que es lo que exige un motor o cualquier carga trifásica: si se cae una sola fase, el motor se quema. Interruptor automático miniatura (MCB) para riel DIN de 35 mm, curva C. La curva C es la de uso general: tolera el pico de arranque de bombillas, tomas y motores pequeños sin dispararse en falso, pero corta de inmediato ante un cortocircuito real. Se monta a presión sobre el riel. Corta tanto por sobrecarga (disparo térmico, lento) como por cortocircuito (disparo magnético, instantáneo). Producto certificado RETIE.",,3x20 A,230/440 V,,"Riel DIN, curva C, tres polos. Certificado RETIE.",,Protección y Control,,Legrand
Breakers y Protecciones,Breaker Riel DIN Tripolar 25 A,"Breaker tripolar de 25 A. Protege las tres fases y las corta simultáneamente, que es lo que exige un motor o cualquier carga trifásica: si se cae una sola fase, el motor se quema. Interruptor automático miniatura (MCB) para riel DIN de 35 mm, curva C. La curva C es la de uso general: tolera el pico de arranque de bombillas, tomas y motores pequeños sin dispararse en falso, pero corta de inmediato ante un cortocircuito real. Se monta a presión sobre el riel. Corta tanto por sobrecarga (disparo térmico, lento) como por cortocircuito (disparo magnético, instantáneo). Producto certificado RETIE.",,3x25 A,230/440 V,,"Riel DIN, curva C, tres polos. Certificado RETIE.",,Protección y Control,,Legrand
Breakers y Protecciones,Breaker Riel DIN Tripolar 32 A,"Breaker tripolar de 32 A. Protege las tres fases y las corta simultáneamente, que es lo que exige un motor o cualquier carga trifásica: si se cae una sola fase, el motor se quema. Interruptor automático miniatura (MCB) para riel DIN de 35 mm, curva C. La curva C es la de uso general: tolera el pico de arranque de bombillas, tomas y motores pequeños sin dispararse en falso, pero corta de inmediato ante un cortocircuito real. Se monta a presión sobre el riel. Corta tanto por sobrecarga (disparo térmico, lento) como por cortocircuito (disparo magnético, instantáneo). Producto certificado RETIE.",,3x32 A,230/440 V,,"Riel DIN, curva C, tres polos. Certificado RETIE.",,Protección y Control,,Legrand
Breakers y Protecciones,Breaker Riel DIN Tripolar 40 A,"Breaker tripolar de 40 A. Protege las tres fases y las corta simultáneamente, que es lo que exige un motor o cualquier carga trifásica: si se cae una sola fase, el motor se quema. Interruptor automático miniatura (MCB) para riel DIN de 35 mm, curva C. La curva C es la de uso general: tolera el pico de arranque de bombillas, tomas y motores pequeños sin dispararse en falso, pero corta de inmediato ante un cortocircuito real. Se monta a presión sobre el riel. Corta tanto por sobrecarga (disparo térmico, lento) como por cortocircuito (disparo magnético, instantáneo). Producto certificado RETIE.",,3x40 A,230/440 V,,"Riel DIN, curva C, tres polos. Certificado RETIE.",,Protección y Control,,Legrand
Breakers y Protecciones,Breaker Riel DIN Tripolar 50 A,"Breaker tripolar de 50 A. Protege las tres fases y las corta simultáneamente, que es lo que exige un motor o cualquier carga trifásica: si se cae una sola fase, el motor se quema. Interruptor automático miniatura (MCB) para riel DIN de 35 mm, curva C. La curva C es la de uso general: tolera el pico de arranque de bombillas, tomas y motores pequeños sin dispararse en falso, pero corta de inmediato ante un cortocircuito real. Se monta a presión sobre el riel. Corta tanto por sobrecarga (disparo térmico, lento) como por cortocircuito (disparo magnético, instantáneo). Producto certificado RETIE.",,3x50 A,230/440 V,,"Riel DIN, curva C, tres polos. Certificado RETIE.",,Protección y Control,,Legrand
Breakers y Protecciones,Breaker Riel DIN Tripolar 63 A,"Breaker tripolar de 63 A. Protege las tres fases y las corta simultáneamente, que es lo que exige un motor o cualquier carga trifásica: si se cae una sola fase, el motor se quema. Interruptor automático miniatura (MCB) para riel DIN de 35 mm, curva C. La curva C es la de uso general: tolera el pico de arranque de bombillas, tomas y motores pequeños sin dispararse en falso, pero corta de inmediato ante un cortocircuito real. Se monta a presión sobre el riel. Corta tanto por sobrecarga (disparo térmico, lento) como por cortocircuito (disparo magnético, instantáneo). Producto certificado RETIE.",,3x63 A,230/440 V,,"Riel DIN, curva C, tres polos. Certificado RETIE.",,Protección y Control,,Legrand
Breakers y Protecciones,Breaker Industrial Caja Moldeada Bipolar 16 A,"Breaker bipolar de 16 A. Protege dos fases a la vez y las corta juntas —si falla una, caen ambas—, como pide una carga de 240 V (ducha, horno, aire). Interruptor automático en caja moldeada (MCCB). Es el breaker grande: se usa como totalizador del tablero o para proteger un alimentador completo. Cumple IEC 60947-2 categoría A, tensión de aislamiento 690 V, impulso 6 kV, Ics igual al 50 % del Icu. Capacidad de corte 65 kA a 240 V. Corta tanto por sobrecarga (disparo térmico, lento) como por cortocircuito (disparo magnético, instantáneo). Producto certificado RETIE.",,2x16 A,240 V,,"Bipolar, 65 kA. Caja moldeada (MCCB). Certificado RETIE.",,Protección y Control,,Legrand
Breakers y Protecciones,Breaker Industrial Caja Moldeada Bipolar 20 A,"Breaker bipolar de 20 A. Protege dos fases a la vez y las corta juntas —si falla una, caen ambas—, como pide una carga de 240 V (ducha, horno, aire). Interruptor automático en caja moldeada (MCCB). Es el breaker grande: se usa como totalizador del tablero o para proteger un alimentador completo. Cumple IEC 60947-2 categoría A, tensión de aislamiento 690 V, impulso 6 kV, Ics igual al 50 % del Icu. Capacidad de corte 65 kA a 240 V. Corta tanto por sobrecarga (disparo térmico, lento) como por cortocircuito (disparo magnético, instantáneo). Producto certificado RETIE.",,2x20 A,240 V,,"Bipolar, 65 kA. Caja moldeada (MCCB). Certificado RETIE.",,Protección y Control,,Legrand
Breakers y Protecciones,Breaker Industrial Caja Moldeada Bipolar 25 A,"Breaker bipolar de 25 A. Protege dos fases a la vez y las corta juntas —si falla una, caen ambas—, como pide una carga de 240 V (ducha, horno, aire). Interruptor automático en caja moldeada (MCCB). Es el breaker grande: se usa como totalizador del tablero o para proteger un alimentador completo. Cumple IEC 60947-2 categoría A, tensión de aislamiento 690 V, impulso 6 kV, Ics igual al 50 % del Icu. Capacidad de corte 65 kA a 240 V. Corta tanto por sobrecarga (disparo térmico, lento) como por cortocircuito (disparo magnético, instantáneo). Producto certificado RETIE.",,2x25 A,240 V,,"Bipolar, 65 kA. Caja moldeada (MCCB). Certificado RETIE.",,Protección y Control,,Legrand
Breakers y Protecciones,Breaker Industrial Caja Moldeada Bipolar 30 A,"Breaker bipolar de 30 A. Protege dos fases a la vez y las corta juntas —si falla una, caen ambas—, como pide una carga de 240 V (ducha, horno, aire). Interruptor automático en caja moldeada (MCCB). Es el breaker grande: se usa como totalizador del tablero o para proteger un alimentador completo. Cumple IEC 60947-2 categoría A, tensión de aislamiento 690 V, impulso 6 kV, Ics igual al 50 % del Icu. Capacidad de corte 65 kA a 240 V. Corta tanto por sobrecarga (disparo térmico, lento) como por cortocircuito (disparo magnético, instantáneo). Producto certificado RETIE.",,2x30 A,240 V,,"Bipolar, 65 kA. Caja moldeada (MCCB). Certificado RETIE.",,Protección y Control,,Legrand
Breakers y Protecciones,Breaker Industrial Caja Moldeada Bipolar 40 A,"Breaker bipolar de 40 A. Protege dos fases a la vez y las corta juntas —si falla una, caen ambas—, como pide una carga de 240 V (ducha, horno, aire). Interruptor automático en caja moldeada (MCCB). Es el breaker grande: se usa como totalizador del tablero o para proteger un alimentador completo. Cumple IEC 60947-2 categoría A, tensión de aislamiento 690 V, impulso 6 kV, Ics igual al 50 % del Icu. Capacidad de corte 65 kA a 240 V. Corta tanto por sobrecarga (disparo térmico, lento) como por cortocircuito (disparo magnético, instantáneo). Producto certificado RETIE.",,2x40 A,240 V,,"Bipolar, 65 kA. Caja moldeada (MCCB). Certificado RETIE.",,Protección y Control,,Legrand
Breakers y Protecciones,Breaker Industrial Caja Moldeada Bipolar 50 A,"Breaker bipolar de 50 A. Protege dos fases a la vez y las corta juntas —si falla una, caen ambas—, como pide una carga de 240 V (ducha, horno, aire). Interruptor automático en caja moldeada (MCCB). Es el breaker grande: se usa como totalizador del tablero o para proteger un alimentador completo. Cumple IEC 60947-2 categoría A, tensión de aislamiento 690 V, impulso 6 kV, Ics igual al 50 % del Icu. Capacidad de corte 65 kA a 240 V. Corta tanto por sobrecarga (disparo térmico, lento) como por cortocircuito (disparo magnético, instantáneo). Producto certificado RETIE.",,2x50 A,240 V,,"Bipolar, 65 kA. Caja moldeada (MCCB). Certificado RETIE.",,Protección y Control,,Legrand
Breakers y Protecciones,Breaker Industrial Caja Moldeada Bipolar 60 A,"Breaker bipolar de 60 A. Protege dos fases a la vez y las corta juntas —si falla una, caen ambas—, como pide una carga de 240 V (ducha, horno, aire). Interruptor automático en caja moldeada (MCCB). Es el breaker grande: se usa como totalizador del tablero o para proteger un alimentador completo. Cumple IEC 60947-2 categoría A, tensión de aislamiento 690 V, impulso 6 kV, Ics igual al 50 % del Icu. Capacidad de corte 65 kA a 240 V. Corta tanto por sobrecarga (disparo térmico, lento) como por cortocircuito (disparo magnético, instantáneo). Producto certificado RETIE.",,2x60 A,240 V,,"Bipolar, 65 kA. Caja moldeada (MCCB). Certificado RETIE.",,Protección y Control,,Legrand
Breakers y Protecciones,Breaker Industrial Caja Moldeada Bipolar 75 A,"Breaker bipolar de 75 A. Protege dos fases a la vez y las corta juntas —si falla una, caen ambas—, como pide una carga de 240 V (ducha, horno, aire). Interruptor automático en caja moldeada (MCCB). Es el breaker grande: se usa como totalizador del tablero o para proteger un alimentador completo. Cumple IEC 60947-2 categoría A, tensión de aislamiento 690 V, impulso 6 kV, Ics igual al 50 % del Icu. Capacidad de corte 65 kA a 240 V. Corta tanto por sobrecarga (disparo térmico, lento) como por cortocircuito (disparo magnético, instantáneo). Producto certificado RETIE.",,2x75 A,240 V,,"Bipolar, 65 kA. Caja moldeada (MCCB). Certificado RETIE.",,Protección y Control,,Legrand
Breakers y Protecciones,Breaker Industrial Caja Moldeada Bipolar 100 A,"Breaker bipolar de 100 A. Protege dos fases a la vez y las corta juntas —si falla una, caen ambas—, como pide una carga de 240 V (ducha, horno, aire). Interruptor automático en caja moldeada (MCCB). Es el breaker grande: se usa como totalizador del tablero o para proteger un alimentador completo. Cumple IEC 60947-2 categoría A, tensión de aislamiento 690 V, impulso 6 kV, Ics igual al 50 % del Icu. Capacidad de corte 65 kA a 240 V. Corta tanto por sobrecarga (disparo térmico, lento) como por cortocircuito (disparo magnético, instantáneo). Producto certificado RETIE.",,2x100 A,240 V,,"Bipolar, 65 kA. Caja moldeada (MCCB). Certificado RETIE.",,Protección y Control,,Legrand
Breakers y Protecciones,Breaker Industrial Caja Moldeada Tripolar 15 A (25 kA),"Breaker tripolar de 15 A. Protege las tres fases y las corta simultáneamente, que es lo que exige un motor o cualquier carga trifásica: si se cae una sola fase, el motor se quema. Interruptor automático en caja moldeada (MCCB). Es el breaker grande: se usa como totalizador del tablero o para proteger un alimentador completo. Cumple IEC 60947-2 categoría A, tensión de aislamiento 690 V, impulso 6 kV, Ics igual al 50 % del Icu. Capacidad de corte 25 kA a 240 V. Corta tanto por sobrecarga (disparo térmico, lento) como por cortocircuito (disparo magnético, instantáneo). Producto certificado RETIE.",,3x15 A,240 V,,"Tripolar, 25 kA. Caja moldeada (MCCB). Certificado RETIE.",,Protección y Control,,Legrand
Breakers y Protecciones,Breaker Industrial Caja Moldeada Tripolar 15 A (65 kA),"Breaker tripolar de 15 A. Protege las tres fases y las corta simultáneamente, que es lo que exige un motor o cualquier carga trifásica: si se cae una sola fase, el motor se quema. Interruptor automático en caja moldeada (MCCB). Es el breaker grande: se usa como totalizador del tablero o para proteger un alimentador completo. Cumple IEC 60947-2 categoría A, tensión de aislamiento 690 V, impulso 6 kV, Ics igual al 50 % del Icu. Capacidad de corte 65 kA a 240 V. La versión de 65 kA es para instalaciones con nivel de cortocircuito alto, típicamente cerca del transformador. Corta tanto por sobrecarga (disparo térmico, lento) como por cortocircuito (disparo magnético, instantáneo). Producto certificado RETIE.",,3x15 A,240 V,,"Tripolar, 65 kA. Caja moldeada (MCCB). Certificado RETIE.",,Protección y Control,,Legrand
Breakers y Protecciones,Breaker Industrial Caja Moldeada Tripolar 20 A (25 kA),"Breaker tripolar de 20 A. Protege las tres fases y las corta simultáneamente, que es lo que exige un motor o cualquier carga trifásica: si se cae una sola fase, el motor se quema. Interruptor automático en caja moldeada (MCCB). Es el breaker grande: se usa como totalizador del tablero o para proteger un alimentador completo. Cumple IEC 60947-2 categoría A, tensión de aislamiento 690 V, impulso 6 kV, Ics igual al 50 % del Icu. Capacidad de corte 25 kA a 240 V. Corta tanto por sobrecarga (disparo térmico, lento) como por cortocircuito (disparo magnético, instantáneo). Producto certificado RETIE.",,3x20 A,240 V,,"Tripolar, 25 kA. Caja moldeada (MCCB). Certificado RETIE.",,Protección y Control,,Legrand
Breakers y Protecciones,Breaker Industrial Caja Moldeada Tripolar 20 A (65 kA),"Breaker tripolar de 20 A. Protege las tres fases y las corta simultáneamente, que es lo que exige un motor o cualquier carga trifásica: si se cae una sola fase, el motor se quema. Interruptor automático en caja moldeada (MCCB). Es el breaker grande: se usa como totalizador del tablero o para proteger un alimentador completo. Cumple IEC 60947-2 categoría A, tensión de aislamiento 690 V, impulso 6 kV, Ics igual al 50 % del Icu. Capacidad de corte 65 kA a 240 V. La versión de 65 kA es para instalaciones con nivel de cortocircuito alto, típicamente cerca del transformador. Corta tanto por sobrecarga (disparo térmico, lento) como por cortocircuito (disparo magnético, instantáneo). Producto certificado RETIE.",,3x20 A,240 V,,"Tripolar, 65 kA. Caja moldeada (MCCB). Certificado RETIE.",,Protección y Control,,Legrand
Breakers y Protecciones,Breaker Industrial Caja Moldeada Tripolar 25 A (25 kA),"Breaker tripolar de 25 A. Protege las tres fases y las corta simultáneamente, que es lo que exige un motor o cualquier carga trifásica: si se cae una sola fase, el motor se quema. Interruptor automático en caja moldeada (MCCB). Es el breaker grande: se usa como totalizador del tablero o para proteger un alimentador completo. Cumple IEC 60947-2 categoría A, tensión de aislamiento 690 V, impulso 6 kV, Ics igual al 50 % del Icu. Capacidad de corte 25 kA a 240 V. Corta tanto por sobrecarga (disparo térmico, lento) como por cortocircuito (disparo magnético, instantáneo). Producto certificado RETIE.",,3x25 A,240 V,,"Tripolar, 25 kA. Caja moldeada (MCCB). Certificado RETIE.",,Protección y Control,,Legrand
Breakers y Protecciones,Breaker Industrial Caja Moldeada Tripolar 25 A (65 kA),"Breaker tripolar de 25 A. Protege las tres fases y las corta simultáneamente, que es lo que exige un motor o cualquier carga trifásica: si se cae una sola fase, el motor se quema. Interruptor automático en caja moldeada (MCCB). Es el breaker grande: se usa como totalizador del tablero o para proteger un alimentador completo. Cumple IEC 60947-2 categoría A, tensión de aislamiento 690 V, impulso 6 kV, Ics igual al 50 % del Icu. Capacidad de corte 65 kA a 240 V. La versión de 65 kA es para instalaciones con nivel de cortocircuito alto, típicamente cerca del transformador. Corta tanto por sobrecarga (disparo térmico, lento) como por cortocircuito (disparo magnético, instantáneo). Producto certificado RETIE.",,3x25 A,240 V,,"Tripolar, 65 kA. Caja moldeada (MCCB). Certificado RETIE.",,Protección y Control,,Legrand
Breakers y Protecciones,Breaker Industrial Caja Moldeada Tripolar 30 A (25 kA),"Breaker tripolar de 30 A. Protege las tres fases y las corta simultáneamente, que es lo que exige un motor o cualquier carga trifásica: si se cae una sola fase, el motor se quema. Interruptor automático en caja moldeada (MCCB). Es el breaker grande: se usa como totalizador del tablero o para proteger un alimentador completo. Cumple IEC 60947-2 categoría A, tensión de aislamiento 690 V, impulso 6 kV, Ics igual al 50 % del Icu. Capacidad de corte 25 kA a 240 V. Corta tanto por sobrecarga (disparo térmico, lento) como por cortocircuito (disparo magnético, instantáneo). Producto certificado RETIE.",,3x30 A,240 V,,"Tripolar, 25 kA. Caja moldeada (MCCB). Certificado RETIE.",,Protección y Control,,Legrand
Breakers y Protecciones,Breaker Industrial Caja Moldeada Tripolar 30 A (65 kA),"Breaker tripolar de 30 A. Protege las tres fases y las corta simultáneamente, que es lo que exige un motor o cualquier carga trifásica: si se cae una sola fase, el motor se quema. Interruptor automático en caja moldeada (MCCB). Es el breaker grande: se usa como totalizador del tablero o para proteger un alimentador completo. Cumple IEC 60947-2 categoría A, tensión de aislamiento 690 V, impulso 6 kV, Ics igual al 50 % del Icu. Capacidad de corte 65 kA a 240 V. La versión de 65 kA es para instalaciones con nivel de cortocircuito alto, típicamente cerca del transformador. Corta tanto por sobrecarga (disparo térmico, lento) como por cortocircuito (disparo magnético, instantáneo). Producto certificado RETIE.",,3x30 A,240 V,,"Tripolar, 65 kA. Caja moldeada (MCCB). Certificado RETIE.",,Protección y Control,,Legrand
Breakers y Protecciones,Breaker Industrial Caja Moldeada Tripolar 40 A (25 kA),"Breaker tripolar de 40 A. Protege las tres fases y las corta simultáneamente, que es lo que exige un motor o cualquier carga trifásica: si se cae una sola fase, el motor se quema. Interruptor automático en caja moldeada (MCCB). Es el breaker grande: se usa como totalizador del tablero o para proteger un alimentador completo. Cumple IEC 60947-2 categoría A, tensión de aislamiento 690 V, impulso 6 kV, Ics igual al 50 % del Icu. Capacidad de corte 25 kA a 240 V. Corta tanto por sobrecarga (disparo térmico, lento) como por cortocircuito (disparo magnético, instantáneo). Producto certificado RETIE.",,3x40 A,240 V,,"Tripolar, 25 kA. Caja moldeada (MCCB). Certificado RETIE.",,Protección y Control,,Legrand
Breakers y Protecciones,Breaker Industrial Caja Moldeada Tripolar 40 A (65 kA),"Breaker tripolar de 40 A. Protege las tres fases y las corta simultáneamente, que es lo que exige un motor o cualquier carga trifásica: si se cae una sola fase, el motor se quema. Interruptor automático en caja moldeada (MCCB). Es el breaker grande: se usa como totalizador del tablero o para proteger un alimentador completo. Cumple IEC 60947-2 categoría A, tensión de aislamiento 690 V, impulso 6 kV, Ics igual al 50 % del Icu. Capacidad de corte 65 kA a 240 V. La versión de 65 kA es para instalaciones con nivel de cortocircuito alto, típicamente cerca del transformador. Corta tanto por sobrecarga (disparo térmico, lento) como por cortocircuito (disparo magnético, instantáneo). Producto certificado RETIE.",,3x40 A,240 V,,"Tripolar, 65 kA. Caja moldeada (MCCB). Certificado RETIE.",,Protección y Control,,Legrand
Breakers y Protecciones,Breaker Industrial Caja Moldeada Tripolar 50 A (25 kA),"Breaker tripolar de 50 A. Protege las tres fases y las corta simultáneamente, que es lo que exige un motor o cualquier carga trifásica: si se cae una sola fase, el motor se quema. Interruptor automático en caja moldeada (MCCB). Es el breaker grande: se usa como totalizador del tablero o para proteger un alimentador completo. Cumple IEC 60947-2 categoría A, tensión de aislamiento 690 V, impulso 6 kV, Ics igual al 50 % del Icu. Capacidad de corte 25 kA a 240 V. Corta tanto por sobrecarga (disparo térmico, lento) como por cortocircuito (disparo magnético, instantáneo). Producto certificado RETIE.",,3x50 A,240 V,,"Tripolar, 25 kA. Caja moldeada (MCCB). Certificado RETIE.",,Protección y Control,,Legrand
Breakers y Protecciones,Breaker Industrial Caja Moldeada Tripolar 50 A (65 kA),"Breaker tripolar de 50 A. Protege las tres fases y las corta simultáneamente, que es lo que exige un motor o cualquier carga trifásica: si se cae una sola fase, el motor se quema. Interruptor automático en caja moldeada (MCCB). Es el breaker grande: se usa como totalizador del tablero o para proteger un alimentador completo. Cumple IEC 60947-2 categoría A, tensión de aislamiento 690 V, impulso 6 kV, Ics igual al 50 % del Icu. Capacidad de corte 65 kA a 240 V. La versión de 65 kA es para instalaciones con nivel de cortocircuito alto, típicamente cerca del transformador. Corta tanto por sobrecarga (disparo térmico, lento) como por cortocircuito (disparo magnético, instantáneo). Producto certificado RETIE.",,3x50 A,240 V,,"Tripolar, 65 kA. Caja moldeada (MCCB). Certificado RETIE.",,Protección y Control,,Legrand
Breakers y Protecciones,Breaker Industrial Caja Moldeada Tripolar 60 A (25 kA),"Breaker tripolar de 60 A. Protege las tres fases y las corta simultáneamente, que es lo que exige un motor o cualquier carga trifásica: si se cae una sola fase, el motor se quema. Interruptor automático en caja moldeada (MCCB). Es el breaker grande: se usa como totalizador del tablero o para proteger un alimentador completo. Cumple IEC 60947-2 categoría A, tensión de aislamiento 690 V, impulso 6 kV, Ics igual al 50 % del Icu. Capacidad de corte 25 kA a 240 V. Corta tanto por sobrecarga (disparo térmico, lento) como por cortocircuito (disparo magnético, instantáneo). Producto certificado RETIE.",,3x60 A,240 V,,"Tripolar, 25 kA. Caja moldeada (MCCB). Certificado RETIE.",,Protección y Control,,Legrand
Breakers y Protecciones,Breaker Industrial Caja Moldeada Tripolar 60 A (65 kA),"Breaker tripolar de 60 A. Protege las tres fases y las corta simultáneamente, que es lo que exige un motor o cualquier carga trifásica: si se cae una sola fase, el motor se quema. Interruptor automático en caja moldeada (MCCB). Es el breaker grande: se usa como totalizador del tablero o para proteger un alimentador completo. Cumple IEC 60947-2 categoría A, tensión de aislamiento 690 V, impulso 6 kV, Ics igual al 50 % del Icu. Capacidad de corte 65 kA a 240 V. La versión de 65 kA es para instalaciones con nivel de cortocircuito alto, típicamente cerca del transformador. Corta tanto por sobrecarga (disparo térmico, lento) como por cortocircuito (disparo magnético, instantáneo). Producto certificado RETIE.",,3x60 A,240 V,,"Tripolar, 65 kA. Caja moldeada (MCCB). Certificado RETIE.",,Protección y Control,,Legrand
Breakers y Protecciones,Breaker Industrial Caja Moldeada Tripolar 75 A (25 kA),"Breaker tripolar de 75 A. Protege las tres fases y las corta simultáneamente, que es lo que exige un motor o cualquier carga trifásica: si se cae una sola fase, el motor se quema. Interruptor automático en caja moldeada (MCCB). Es el breaker grande: se usa como totalizador del tablero o para proteger un alimentador completo. Cumple IEC 60947-2 categoría A, tensión de aislamiento 690 V, impulso 6 kV, Ics igual al 50 % del Icu. Capacidad de corte 25 kA a 240 V. Corta tanto por sobrecarga (disparo térmico, lento) como por cortocircuito (disparo magnético, instantáneo). Producto certificado RETIE.",,3x75 A,240 V,,"Tripolar, 25 kA. Caja moldeada (MCCB). Certificado RETIE.",,Protección y Control,,Legrand
Breakers y Protecciones,Breaker Industrial Caja Moldeada Tripolar 75 A (65 kA),"Breaker tripolar de 75 A. Protege las tres fases y las corta simultáneamente, que es lo que exige un motor o cualquier carga trifásica: si se cae una sola fase, el motor se quema. Interruptor automático en caja moldeada (MCCB). Es el breaker grande: se usa como totalizador del tablero o para proteger un alimentador completo. Cumple IEC 60947-2 categoría A, tensión de aislamiento 690 V, impulso 6 kV, Ics igual al 50 % del Icu. Capacidad de corte 65 kA a 240 V. La versión de 65 kA es para instalaciones con nivel de cortocircuito alto, típicamente cerca del transformador. Corta tanto por sobrecarga (disparo térmico, lento) como por cortocircuito (disparo magnético, instantáneo). Producto certificado RETIE.",,3x75 A,240 V,,"Tripolar, 65 kA. Caja moldeada (MCCB). Certificado RETIE.",,Protección y Control,,Legrand
Breakers y Protecciones,Breaker Industrial Caja Moldeada Tripolar 100 A (25 kA),"Breaker tripolar de 100 A. Protege las tres fases y las corta simultáneamente, que es lo que exige un motor o cualquier carga trifásica: si se cae una sola fase, el motor se quema. Interruptor automático en caja moldeada (MCCB). Es el breaker grande: se usa como totalizador del tablero o para proteger un alimentador completo. Cumple IEC 60947-2 categoría A, tensión de aislamiento 690 V, impulso 6 kV, Ics igual al 50 % del Icu. Capacidad de corte 25 kA a 240 V. Corta tanto por sobrecarga (disparo térmico, lento) como por cortocircuito (disparo magnético, instantáneo). Producto certificado RETIE.",,3x100 A,240 V,,"Tripolar, 25 kA. Caja moldeada (MCCB). Certificado RETIE.",,Protección y Control,,Legrand
Breakers y Protecciones,Breaker Industrial Caja Moldeada Tripolar 100 A (65 kA),"Breaker tripolar de 100 A. Protege las tres fases y las corta simultáneamente, que es lo que exige un motor o cualquier carga trifásica: si se cae una sola fase, el motor se quema. Interruptor automático en caja moldeada (MCCB). Es el breaker grande: se usa como totalizador del tablero o para proteger un alimentador completo. Cumple IEC 60947-2 categoría A, tensión de aislamiento 690 V, impulso 6 kV, Ics igual al 50 % del Icu. Capacidad de corte 65 kA a 240 V. La versión de 65 kA es para instalaciones con nivel de cortocircuito alto, típicamente cerca del transformador. Corta tanto por sobrecarga (disparo térmico, lento) como por cortocircuito (disparo magnético, instantáneo). Producto certificado RETIE.",,3x100 A,240 V,,"Tripolar, 65 kA. Caja moldeada (MCCB). Certificado RETIE.",,Protección y Control,,Legrand
Breakers y Protecciones,Breaker Industrial Caja Moldeada Tripolar 125 A (25 kA),"Breaker tripolar de 125 A. Protege las tres fases y las corta simultáneamente, que es lo que exige un motor o cualquier carga trifásica: si se cae una sola fase, el motor se quema. Interruptor automático en caja moldeada (MCCB). Es el breaker grande: se usa como totalizador del tablero o para proteger un alimentador completo. Cumple IEC 60947-2 categoría A, tensión de aislamiento 690 V, impulso 6 kV, Ics igual al 50 % del Icu. Capacidad de corte 25 kA a 240 V. Corta tanto por sobrecarga (disparo térmico, lento) como por cortocircuito (disparo magnético, instantáneo). Producto certificado RETIE.",,3x125 A,240 V,,"Tripolar, 25 kA. Caja moldeada (MCCB). Certificado RETIE.",,Protección y Control,,Legrand
Breakers y Protecciones,Breaker Industrial Caja Moldeada Tripolar 125 A (65 kA),"Breaker tripolar de 125 A. Protege las tres fases y las corta simultáneamente, que es lo que exige un motor o cualquier carga trifásica: si se cae una sola fase, el motor se quema. Interruptor automático en caja moldeada (MCCB). Es el breaker grande: se usa como totalizador del tablero o para proteger un alimentador completo. Cumple IEC 60947-2 categoría A, tensión de aislamiento 690 V, impulso 6 kV, Ics igual al 50 % del Icu. Capacidad de corte 65 kA a 240 V. La versión de 65 kA es para instalaciones con nivel de cortocircuito alto, típicamente cerca del transformador. Corta tanto por sobrecarga (disparo térmico, lento) como por cortocircuito (disparo magnético, instantáneo). Producto certificado RETIE.",,3x125 A,240 V,,"Tripolar, 65 kA. Caja moldeada (MCCB). Certificado RETIE.",,Protección y Control,,Legrand
Breakers y Protecciones,Caja para Breakers 2 Polos,"Caja plástica para alojar hasta dos polos de breaker enchufable. Se usa cuando no hace falta un tablero completo: proteger un equipo puntual, una acometida derivada o un circuito independiente. Sale más barata y ocupa mucho menos espacio.",,,,,Caja plástica para breakers.,,Protección y Control,,Legrand
Breakers y Protecciones,Caja para Breakers 3 Polos,"Caja plástica para alojar hasta tres polos de breaker enchufable. Se usa cuando no hace falta un tablero completo: proteger un equipo puntual, una acometida derivada o un circuito independiente. Sale más barata y ocupa mucho menos espacio.",,,,,Caja plástica para breakers.,,Protección y Control,,Legrand
Control Industrial,Contactor Tripolar 9 A (AC-3),"Contactor tripolar de 9 A en categoría AC-3, para motores de hasta unos 2,5 HP a 220 V. El contactor es un interruptor que se acciona a distancia: una bobina recibe una señal de control de bajo consumo y, al energizarse, cierra unos contactos de potencia capaces de manejar corrientes altas. Eso permite arrancar y parar un motor desde un pulsador o un automatismo, sin que el operario toque la línea de fuerza. La categoría AC-3 es la que corresponde a motores de jaula de ardilla: soporta la corriente de arranque, que llega a ser varias veces la nominal. Bobina disponible en 24, 110 y 220 V AC. Montaje sobre riel DIN de 35 mm. Admite bloques de contactos auxiliares y relé térmico acoplado para completar el arrancador.",,09:00 a. m.,220/440 V,,"Tripolar 9 A, categoría AC-3. Riel DIN. Bobina 24/110/220 V AC.",,Protección y Control,,"Chint, Schneider, Siemens"
Control Industrial,Contactor Tripolar 12 A (AC-3),"Contactor tripolar de 12 A en categoría AC-3, para motores de hasta unos 3 HP a 220 V. El contactor es un interruptor que se acciona a distancia: una bobina recibe una señal de control de bajo consumo y, al energizarse, cierra unos contactos de potencia capaces de manejar corrientes altas. Eso permite arrancar y parar un motor desde un pulsador o un automatismo, sin que el operario toque la línea de fuerza. La categoría AC-3 es la que corresponde a motores de jaula de ardilla: soporta la corriente de arranque, que llega a ser varias veces la nominal. Bobina disponible en 24, 110 y 220 V AC. Montaje sobre riel DIN de 35 mm. Admite bloques de contactos auxiliares y relé térmico acoplado para completar el arrancador.",,12:00 a. m.,220/440 V,,"Tripolar 12 A, categoría AC-3. Riel DIN. Bobina 24/110/220 V AC.",,Protección y Control,,"Chint, Schneider, Siemens"
Control Industrial,Contactor Tripolar 18 A (AC-3),"Contactor tripolar de 18 A en categoría AC-3, para motores de hasta unos 5 HP a 220 V. El contactor es un interruptor que se acciona a distancia: una bobina recibe una señal de control de bajo consumo y, al energizarse, cierra unos contactos de potencia capaces de manejar corrientes altas. Eso permite arrancar y parar un motor desde un pulsador o un automatismo, sin que el operario toque la línea de fuerza. La categoría AC-3 es la que corresponde a motores de jaula de ardilla: soporta la corriente de arranque, que llega a ser varias veces la nominal. Bobina disponible en 24, 110 y 220 V AC. Montaje sobre riel DIN de 35 mm. Admite bloques de contactos auxiliares y relé térmico acoplado para completar el arrancador.",,18 A,220/440 V,,"Tripolar 18 A, categoría AC-3. Riel DIN. Bobina 24/110/220 V AC.",,Protección y Control,,"Chint, Schneider, Siemens"
Control Industrial,Contactor Tripolar 25 A (AC-3),"Contactor tripolar de 25 A en categoría AC-3, para motores de hasta unos 7,5 HP a 220 V. El contactor es un interruptor que se acciona a distancia: una bobina recibe una señal de control de bajo consumo y, al energizarse, cierra unos contactos de potencia capaces de manejar corrientes altas. Eso permite arrancar y parar un motor desde un pulsador o un automatismo, sin que el operario toque la línea de fuerza. La categoría AC-3 es la que corresponde a motores de jaula de ardilla: soporta la corriente de arranque, que llega a ser varias veces la nominal. Bobina disponible en 24, 110 y 220 V AC. Montaje sobre riel DIN de 35 mm. Admite bloques de contactos auxiliares y relé térmico acoplado para completar el arrancador.",,25 A,220/440 V,,"Tripolar 25 A, categoría AC-3. Riel DIN. Bobina 24/110/220 V AC.",,Protección y Control,,"Chint, Schneider, Siemens"
Control Industrial,Contactor Tripolar 32 A (AC-3),"Contactor tripolar de 32 A en categoría AC-3, para motores de hasta unos 10 HP a 220 V. El contactor es un interruptor que se acciona a distancia: una bobina recibe una señal de control de bajo consumo y, al energizarse, cierra unos contactos de potencia capaces de manejar corrientes altas. Eso permite arrancar y parar un motor desde un pulsador o un automatismo, sin que el operario toque la línea de fuerza. La categoría AC-3 es la que corresponde a motores de jaula de ardilla: soporta la corriente de arranque, que llega a ser varias veces la nominal. Bobina disponible en 24, 110 y 220 V AC. Montaje sobre riel DIN de 35 mm. Admite bloques de contactos auxiliares y relé térmico acoplado para completar el arrancador.",,32 A,220/440 V,,"Tripolar 32 A, categoría AC-3. Riel DIN. Bobina 24/110/220 V AC.",,Protección y Control,,"Chint, Schneider, Siemens"
Control Industrial,Contactor Tripolar 40 A (AC-3),"Contactor tripolar de 40 A en categoría AC-3, para motores de hasta unos 12,5 HP a 220 V. El contactor es un interruptor que se acciona a distancia: una bobina recibe una señal de control de bajo consumo y, al energizarse, cierra unos contactos de potencia capaces de manejar corrientes altas. Eso permite arrancar y parar un motor desde un pulsador o un automatismo, sin que el operario toque la línea de fuerza. La categoría AC-3 es la que corresponde a motores de jaula de ardilla: soporta la corriente de arranque, que llega a ser varias veces la nominal. Bobina disponible en 24, 110 y 220 V AC. Montaje sobre riel DIN de 35 mm. Admite bloques de contactos auxiliares y relé térmico acoplado para completar el arrancador.",,40 A,220/440 V,,"Tripolar 40 A, categoría AC-3. Riel DIN. Bobina 24/110/220 V AC.",,Protección y Control,,"Chint, Schneider, Siemens"
Control Industrial,Contactor Tripolar 50 A (AC-3),"Contactor tripolar de 50 A en categoría AC-3, para motores de hasta unos 15 HP a 220 V. El contactor es un interruptor que se acciona a distancia: una bobina recibe una señal de control de bajo consumo y, al energizarse, cierra unos contactos de potencia capaces de manejar corrientes altas. Eso permite arrancar y parar un motor desde un pulsador o un automatismo, sin que el operario toque la línea de fuerza. La categoría AC-3 es la que corresponde a motores de jaula de ardilla: soporta la corriente de arranque, que llega a ser varias veces la nominal. Bobina disponible en 24, 110 y 220 V AC. Montaje sobre riel DIN de 35 mm. Admite bloques de contactos auxiliares y relé térmico acoplado para completar el arrancador.",,50 A,220/440 V,,"Tripolar 50 A, categoría AC-3. Riel DIN. Bobina 24/110/220 V AC.",,Protección y Control,,"Chint, Schneider, Siemens"
Control Industrial,Contactor Tripolar 65 A (AC-3),"Contactor tripolar de 65 A en categoría AC-3, para motores de hasta unos 20 HP a 220 V. El contactor es un interruptor que se acciona a distancia: una bobina recibe una señal de control de bajo consumo y, al energizarse, cierra unos contactos de potencia capaces de manejar corrientes altas. Eso permite arrancar y parar un motor desde un pulsador o un automatismo, sin que el operario toque la línea de fuerza. La categoría AC-3 es la que corresponde a motores de jaula de ardilla: soporta la corriente de arranque, que llega a ser varias veces la nominal. Bobina disponible en 24, 110 y 220 V AC. Montaje sobre riel DIN de 35 mm. Admite bloques de contactos auxiliares y relé térmico acoplado para completar el arrancador.",,65 A,220/440 V,,"Tripolar 65 A, categoría AC-3. Riel DIN. Bobina 24/110/220 V AC.",,Protección y Control,,"Chint, Schneider, Siemens"
Control Industrial,Contactor Tripolar 80 A (AC-3),"Contactor tripolar de 80 A en categoría AC-3, para motores de hasta unos 25 HP a 220 V. El contactor es un interruptor que se acciona a distancia: una bobina recibe una señal de control de bajo consumo y, al energizarse, cierra unos contactos de potencia capaces de manejar corrientes altas. Eso permite arrancar y parar un motor desde un pulsador o un automatismo, sin que el operario toque la línea de fuerza. La categoría AC-3 es la que corresponde a motores de jaula de ardilla: soporta la corriente de arranque, que llega a ser varias veces la nominal. Bobina disponible en 24, 110 y 220 V AC. Montaje sobre riel DIN de 35 mm. Admite bloques de contactos auxiliares y relé térmico acoplado para completar el arrancador.",,80 A,220/440 V,,"Tripolar 80 A, categoría AC-3. Riel DIN. Bobina 24/110/220 V AC.",,Protección y Control,,"Chint, Schneider, Siemens"
Control Industrial,Contactor Tripolar 95 A (AC-3),"Contactor tripolar de 95 A en categoría AC-3, para motores de hasta unos 30 HP a 220 V. El contactor es un interruptor que se acciona a distancia: una bobina recibe una señal de control de bajo consumo y, al energizarse, cierra unos contactos de potencia capaces de manejar corrientes altas. Eso permite arrancar y parar un motor desde un pulsador o un automatismo, sin que el operario toque la línea de fuerza. La categoría AC-3 es la que corresponde a motores de jaula de ardilla: soporta la corriente de arranque, que llega a ser varias veces la nominal. Bobina disponible en 24, 110 y 220 V AC. Montaje sobre riel DIN de 35 mm. Admite bloques de contactos auxiliares y relé térmico acoplado para completar el arrancador.",,95 A,220/440 V,,"Tripolar 95 A, categoría AC-3. Riel DIN. Bobina 24/110/220 V AC.",,Protección y Control,,"Chint, Schneider, Siemens"
Control Industrial,Contactor Tripolar 125 A (AC-3),"Contactor tripolar de 125 A en categoría AC-3, para motores de hasta unos 40 HP a 220 V. El contactor es un interruptor que se acciona a distancia: una bobina recibe una señal de control de bajo consumo y, al energizarse, cierra unos contactos de potencia capaces de manejar corrientes altas. Eso permite arrancar y parar un motor desde un pulsador o un automatismo, sin que el operario toque la línea de fuerza. La categoría AC-3 es la que corresponde a motores de jaula de ardilla: soporta la corriente de arranque, que llega a ser varias veces la nominal. Bobina disponible en 24, 110 y 220 V AC. Montaje sobre riel DIN de 35 mm. Admite bloques de contactos auxiliares y relé térmico acoplado para completar el arrancador.",,125 A,220/440 V,,"Tripolar 125 A, categoría AC-3. Riel DIN. Bobina 24/110/220 V AC.",,Protección y Control,,"Chint, Schneider, Siemens"
Control Industrial,Relé Térmico de Sobrecarga,"Relé térmico de sobrecarga, para acoplar bajo el contactor. Vigila la corriente que consume el motor y lo desconecta si supera el valor ajustado durante demasiado tiempo. No actúa ante un cortocircuito —de eso se encarga el breaker—, sino ante la sobrecarga lenta: un motor trabado, una correa apretada, una bomba forzada. Esa es la falla que quema bobinados sin que nada más lo note. El rango de corriente se ajusta con un dial, y trae botones de prueba y reposición.",,,,,Se acopla al contactor. Protege el motor contra sobrecarga.,,Protección y Control,,"Chint, Schneider, Siemens"
Control Industrial,Arrancador Directo en Caja,"Arrancador directo montado y cableado en caja, listo para instalar. Reúne el contactor, el relé térmico y los pulsadores de marcha y parada en un solo encerramiento certificado. Arranque directo significa que el motor recibe la tensión plena de una vez: es lo más simple y económico, y funciona bien hasta cierta potencia; por encima de eso el pico de arranque golpea la red y conviene un arranque estrella-triángulo o un variador.",,,,,Contactor + térmico + pulsadores en caja certificada.,,Protección y Control,,"Chint, Schneider, Siemens"
Control Industrial,Pulsador de Parada de Emergencia 22 mm,"Pulsador de parada de emergencia tipo hongo, 22 mm, con enclavamiento y desenclavamiento por giro. Es el botón rojo sobre fondo amarillo: se oprime y queda trabado, cortando el mando de la máquina; para rearmar hay que girarlo a propósito. Ese enclavamiento es el punto clave —impide que la máquina vuelva a arrancar sola una vez despejado el peligro—. Exigido en maquinaria por norma de seguridad.",,22 mm,,,"Tipo hongo, con enclavamiento. Diámetro 22 mm.",,Protección y Control,Rojo,"Chint, Schneider, Siemens"
Control Industrial,Pulsador de Parada de Emergencia en Caja,"Parada de emergencia tipo hongo montada en caja de superficie, lista para instalar. Se atornilla cerca del punto de operación de la máquina, donde el operario pueda alcanzarla sin buscarla. Con enclavamiento y rearme por giro.",,,,,Montada en caja de sobreponer.,,Protección y Control,Rojo,"Chint, Schneider, Siemens"
Control Industrial,Pulsador de Mando 22 mm,"Pulsador de mando de 22 mm para tablero. Es el botón de marcha o parada del circuito de control: cierra o abre el contacto mientras se oprime, sin quedar enclavado. Disponible en verde (marcha) y rojo (parada), con contactos normalmente abierto (NA) y normalmente cerrado (NC).",,22 mm,,,Contacto momentáneo. NA y NC.,,Protección y Control,"Verde, Rojo","Chint, Schneider, Siemens"
Control Industrial,Estación de Mando Marcha-Parada,"Estación de mando con pulsadores de marcha y parada en una sola caja. Es el juego de botones que gobierna el contactor: el verde arranca, el rojo detiene. Se instala junto a la máquina cuando el tablero de fuerza queda lejos del punto de operación.",,,,,Pulsadores marcha (verde) y parada (rojo) en caja.,,Protección y Control,"Verde, Rojo","Chint, Schneider, Siemens"
Control Industrial,Piloto Luminoso 22 mm,"Piloto luminoso de señalización de 22 mm para tablero. Indica el estado del circuito de un vistazo: verde para equipo en marcha, rojo para falla o parada, ámbar para advertencia. Con lámpara LED, que prácticamente no consume y no se funde como el bombillo incandescente que llevaba antes.",,22 mm,,,"LED, 22 mm. Señalización de tablero.",,Protección y Control,"Verde, Rojo, Ámbar","Chint, Schneider, Siemens"
Control Industrial,Relé de Control con Base de Pines,"Relé de control enchufable sobre base de pines (8 u 11 pines). Es el intermediario del circuito de mando: una señal pequeña lo activa y él, a su vez, conmuta varios contactos independientes. Sirve para multiplicar señales, aislar circuitos y armar lógicas sencillas de automatización sin llegar a un PLC. Bobina en 24, 110 o 220 V; se cambia sin desconectar el cableado, porque va enchufado a la base.",,,,,Enchufable sobre base de 8 u 11 pines. Bobina 24/110/220 V.,,Protección y Control,,"Chint, Schneider, Siemens"
Control Industrial,Temporizador para Riel DIN,"Temporizador (relé de tiempo) para riel DIN. Introduce un retardo deliberado en el circuito: activa o desactiva un contacto después de un tiempo ajustable. Es lo que permite secuenciar un arranque estrella-triángulo, dar un retardo entre motores para que no arranquen todos a la vez, o dejar corriendo un extractor unos minutos después de apagar la luz. Con dial de ajuste y contactos conmutados.",,,,,Retardo ajustable. Montaje riel DIN.,,Protección y Control,,"Chint, Schneider, Siemens"
Bombillos LED,Bombillo LED SMD 5 W Base E27,"Bombillo LED tipo SMD de 5 W con rosca E27, equivalente a un incandescente de unos 40 W. Un LED entrega alrededor de 100 lúmenes por vatio, contra unos 15 del bombillo incandescente: por eso una lámpara LED de 9 W alumbra lo mismo que una vieja de 60 W. Ahí está el ahorro. Entrega cerca de 500 lúmenes. Disponible en luz cálida (3000 K), neutra (4000 K) y fría (6500 K). La cálida es amarillenta y hace el espacio acogedor; la fría es blanco-azulada y rinde más para trabajar. Opera de 100 a 240 V, 60 Hz. Vida útil aproximada de 20.000 horas. Es el bombillo de uso general: sala, alcoba, cocina, oficina.",5 W,E27,100-240 V,,5 W LED ≈ 40 W incandescente. Rosca E27.,,Iluminación,,Lexmana
Bombillos LED,Bombillo LED SMD 7 W Base E27,"Bombillo LED tipo SMD de 7 W con rosca E27, equivalente a un incandescente de unos 50 W. Un LED entrega alrededor de 100 lúmenes por vatio, contra unos 15 del bombillo incandescente: por eso una lámpara LED de 9 W alumbra lo mismo que una vieja de 60 W. Ahí está el ahorro. Entrega cerca de 700 lúmenes. Disponible en luz cálida (3000 K), neutra (4000 K) y fría (6500 K). La cálida es amarillenta y hace el espacio acogedor; la fría es blanco-azulada y rinde más para trabajar. Opera de 100 a 240 V, 60 Hz. Vida útil aproximada de 20.000 horas. Es el bombillo de uso general: sala, alcoba, cocina, oficina.",7 W,E27,100-240 V,,7 W LED ≈ 50 W incandescente. Rosca E27.,,Iluminación,,Lexmana
Bombillos LED,Bombillo LED SMD 9 W Base E27,"Bombillo LED tipo SMD de 9 W con rosca E27, equivalente a un incandescente de unos 60 W. Un LED entrega alrededor de 100 lúmenes por vatio, contra unos 15 del bombillo incandescente: por eso una lámpara LED de 9 W alumbra lo mismo que una vieja de 60 W. Ahí está el ahorro. Entrega cerca de 900 lúmenes. Disponible en luz cálida (3000 K), neutra (4000 K) y fría (6500 K). La cálida es amarillenta y hace el espacio acogedor; la fría es blanco-azulada y rinde más para trabajar. Opera de 100 a 240 V, 60 Hz. Vida útil aproximada de 20.000 horas. Es el bombillo de uso general: sala, alcoba, cocina, oficina.",9 W,E27,100-240 V,,9 W LED ≈ 60 W incandescente. Rosca E27.,,Iluminación,,Lexmana
Bombillos LED,Bombillo LED SMD 12 W Base E27,"Bombillo LED tipo SMD de 12 W con rosca E27, equivalente a un incandescente de unos 75 W. Un LED entrega alrededor de 100 lúmenes por vatio, contra unos 15 del bombillo incandescente: por eso una lámpara LED de 9 W alumbra lo mismo que una vieja de 60 W. Ahí está el ahorro. Entrega cerca de 1200 lúmenes. Disponible en luz cálida (3000 K), neutra (4000 K) y fría (6500 K). La cálida es amarillenta y hace el espacio acogedor; la fría es blanco-azulada y rinde más para trabajar. Opera de 100 a 240 V, 60 Hz. Vida útil aproximada de 20.000 horas. Es el bombillo de uso general: sala, alcoba, cocina, oficina.",12 W,E27,100-240 V,,12 W LED ≈ 75 W incandescente. Rosca E27.,,Iluminación,,Lexmana
Bombillos LED,Bombillo LED SMD 15 W Base E27,"Bombillo LED tipo SMD de 15 W con rosca E27, equivalente a un incandescente de unos 100 W. Un LED entrega alrededor de 100 lúmenes por vatio, contra unos 15 del bombillo incandescente: por eso una lámpara LED de 9 W alumbra lo mismo que una vieja de 60 W. Ahí está el ahorro. Entrega cerca de 1500 lúmenes. Disponible en luz cálida (3000 K), neutra (4000 K) y fría (6500 K). La cálida es amarillenta y hace el espacio acogedor; la fría es blanco-azulada y rinde más para trabajar. Opera de 100 a 240 V, 60 Hz. Vida útil aproximada de 20.000 horas. Es el bombillo de uso general: sala, alcoba, cocina, oficina.",15 W,E27,100-240 V,,15 W LED ≈ 100 W incandescente. Rosca E27.,,Iluminación,,Lexmana
Bombillos LED,Bombillo LED SMD 18 W Base E27,"Bombillo LED tipo SMD de 18 W con rosca E27, equivalente a un incandescente de unos 120 W. Un LED entrega alrededor de 100 lúmenes por vatio, contra unos 15 del bombillo incandescente: por eso una lámpara LED de 9 W alumbra lo mismo que una vieja de 60 W. Ahí está el ahorro. Entrega cerca de 1800 lúmenes. Disponible en luz cálida (3000 K), neutra (4000 K) y fría (6500 K). La cálida es amarillenta y hace el espacio acogedor; la fría es blanco-azulada y rinde más para trabajar. Opera de 100 a 240 V, 60 Hz. Vida útil aproximada de 20.000 horas. Es el bombillo de uso general: sala, alcoba, cocina, oficina.",18 W,E27,100-240 V,,18 W LED ≈ 120 W incandescente. Rosca E27.,,Iluminación,,Lexmana
Bombillos LED,Bombillo LED SMD 20 W Base E27,"Bombillo LED tipo SMD de 20 W con rosca E27, equivalente a un incandescente de unos 150 W. Un LED entrega alrededor de 100 lúmenes por vatio, contra unos 15 del bombillo incandescente: por eso una lámpara LED de 9 W alumbra lo mismo que una vieja de 60 W. Ahí está el ahorro. Entrega cerca de 2000 lúmenes. Disponible en luz cálida (3000 K), neutra (4000 K) y fría (6500 K). La cálida es amarillenta y hace el espacio acogedor; la fría es blanco-azulada y rinde más para trabajar. Opera de 100 a 240 V, 60 Hz. Vida útil aproximada de 20.000 horas. Es el bombillo de uso general: sala, alcoba, cocina, oficina.",20 W,E27,100-240 V,,20 W LED ≈ 150 W incandescente. Rosca E27.,,Iluminación,,Lexmana
Bombillos LED,Bombillo LED Vela C37 3 W Base E14,"Bombillo LED tipo vela (C37) de 3 W con rosca delgada E14. Su forma alargada y puntuda es la que piden las lámparas decorativas, arañas y apliques de pared, donde el bombillo queda a la vista. Ojo con la base: E14 es más angosta que la E27 común, no son intercambiables. Disponible en luz cálida (3000 K), neutra (4000 K) y fría (6500 K). La cálida es amarillenta y hace el espacio acogedor; la fría es blanco-azulada y rinde más para trabajar. Opera de 100 a 240 V, 60 Hz. Vida útil aproximada de 20.000 horas.",3 W,E14,100-240 V,,"Base E14 (delgada). Forma de vela, decorativo.",,Iluminación,,Lexmana
Bombillos LED,Bombillo LED Vela C37 5 W Base E14,"Bombillo LED tipo vela (C37) de 5 W con rosca delgada E14. Su forma alargada y puntuda es la que piden las lámparas decorativas, arañas y apliques de pared, donde el bombillo queda a la vista. Ojo con la base: E14 es más angosta que la E27 común, no son intercambiables. Disponible en luz cálida (3000 K), neutra (4000 K) y fría (6500 K). La cálida es amarillenta y hace el espacio acogedor; la fría es blanco-azulada y rinde más para trabajar. Opera de 100 a 240 V, 60 Hz. Vida útil aproximada de 20.000 horas.",5 W,E14,100-240 V,,"Base E14 (delgada). Forma de vela, decorativo.",,Iluminación,,Lexmana
Bombillos LED,Bombillo LED Vela C37 7 W Base E14,"Bombillo LED tipo vela (C37) de 7 W con rosca delgada E14. Su forma alargada y puntuda es la que piden las lámparas decorativas, arañas y apliques de pared, donde el bombillo queda a la vista. Ojo con la base: E14 es más angosta que la E27 común, no son intercambiables. Disponible en luz cálida (3000 K), neutra (4000 K) y fría (6500 K). La cálida es amarillenta y hace el espacio acogedor; la fría es blanco-azulada y rinde más para trabajar. Opera de 100 a 240 V, 60 Hz. Vida útil aproximada de 20.000 horas.",7 W,E14,100-240 V,,"Base E14 (delgada). Forma de vela, decorativo.",,Iluminación,,Lexmana
Bombillos LED,Bombillo LED Filamento G45 5 W Base E27,"Bombillo LED de filamento tipo G45, 5 W, rosca E27. Imita el filamento de los bombillos antiguos —se ven los hilos encendidos— pero por dentro es LED: gasta una fracción y dura muchísimo más. Es el bombillo pequeño y redondo, para apliques y lámparas de mesa. Disponible en vidrio transparente o ámbar, que da un tono todavía más cálido. Es luz decorativa, no de trabajo. Opera de 100 a 240 V, 60 Hz. Vida útil aproximada de 20.000 horas.",5 W,E27,100-240 V,,"Filamento G45. Decorativo, vidrio transparente o ámbar.",,Iluminación,,Lexmana
Bombillos LED,Bombillo LED Filamento G80 8 W Base E27,"Bombillo LED de filamento tipo G80, 8 W, rosca E27. Imita el filamento de los bombillos antiguos —se ven los hilos encendidos— pero por dentro es LED: gasta una fracción y dura muchísimo más. Bombillo globo mediano, muy usado en lámparas colgantes decorativas. Disponible en vidrio transparente o ámbar, que da un tono todavía más cálido. Es luz decorativa, no de trabajo. Opera de 100 a 240 V, 60 Hz. Vida útil aproximada de 20.000 horas.",8 W,E27,100-240 V,,"Filamento G80. Decorativo, vidrio transparente o ámbar.",,Iluminación,,Lexmana
Bombillos LED,Bombillo LED Filamento G95 8 W Base E27,"Bombillo LED de filamento tipo G95, 8 W, rosca E27. Imita el filamento de los bombillos antiguos —se ven los hilos encendidos— pero por dentro es LED: gasta una fracción y dura muchísimo más. Globo grande: la bombilla misma es el elemento decorativo. Disponible en vidrio transparente o ámbar, que da un tono todavía más cálido. Es luz decorativa, no de trabajo. Opera de 100 a 240 V, 60 Hz. Vida útil aproximada de 20.000 horas.",8 W,E27,100-240 V,,"Filamento G95. Decorativo, vidrio transparente o ámbar.",,Iluminación,,Lexmana
Bombillos LED,Bombillo LED Filamento G125 8 W Base E27,"Bombillo LED de filamento tipo G125, 8 W, rosca E27. Imita el filamento de los bombillos antiguos —se ven los hilos encendidos— pero por dentro es LED: gasta una fracción y dura muchísimo más. Globo extra grande, de fuerte presencia visual en espacios de doble altura. Disponible en vidrio transparente o ámbar, que da un tono todavía más cálido. Es luz decorativa, no de trabajo. Opera de 100 a 240 V, 60 Hz. Vida útil aproximada de 20.000 horas.",8 W,E27,100-240 V,,"Filamento G125. Decorativo, vidrio transparente o ámbar.",,Iluminación,,Lexmana
Bombillos LED,Bombillo LED Alta Potencia 30 W Base E27,"Bombillo LED de alta potencia, 30 W, rosca E27, equivalente a unos 200 W de incandescente. Entrega cerca de 3000 lúmenes. Es el bombillo de bodega, taller, patio y zona de servicio: donde se necesita mucha luz desde un solo punto alto. Disponible en luz cálida (3000 K), neutra (4000 K) y fría (6500 K). La cálida es amarillenta y hace el espacio acogedor; la fría es blanco-azulada y rinde más para trabajar. Opera de 100 a 240 V, 60 Hz. Vida útil aproximada de 20.000 horas.",30 W,E27,100-240 V,,Alta potencia. ≈ 200 W incandescente.,,Iluminación,,Lexmana
Bombillos LED,Bombillo LED Alta Potencia 50 W Base E27,"Bombillo LED de alta potencia, 50 W, rosca E27, equivalente a unos 300 W de incandescente. Entrega cerca de 5000 lúmenes. Es el bombillo de bodega, taller, patio y zona de servicio: donde se necesita mucha luz desde un solo punto alto. Disponible en luz cálida (3000 K), neutra (4000 K) y fría (6500 K). La cálida es amarillenta y hace el espacio acogedor; la fría es blanco-azulada y rinde más para trabajar. Opera de 100 a 240 V, 60 Hz. Vida útil aproximada de 20.000 horas.",50 W,E27,100-240 V,,Alta potencia. ≈ 300 W incandescente.,,Iluminación,,Lexmana
Bombillos LED,Bombillo LED Alta Potencia 80 W Base E27,"Bombillo LED de alta potencia, 80 W, rosca E27, equivalente a unos 500 W de incandescente. Entrega cerca de 8000 lúmenes. Es el bombillo de bodega, taller, patio y zona de servicio: donde se necesita mucha luz desde un solo punto alto. Disponible en luz cálida (3000 K), neutra (4000 K) y fría (6500 K). La cálida es amarillenta y hace el espacio acogedor; la fría es blanco-azulada y rinde más para trabajar. Opera de 100 a 240 V, 60 Hz. Vida útil aproximada de 20.000 horas.",80 W,E27,100-240 V,,Alta potencia. ≈ 500 W incandescente.,,Iluminación,,Lexmana
Bombillos LED,Bombillo LED Alta Potencia 100 W Base E27,"Bombillo LED de alta potencia, 100 W, rosca E27, equivalente a unos 650 W de incandescente. Entrega cerca de 10000 lúmenes. Es el bombillo de bodega, taller, patio y zona de servicio: donde se necesita mucha luz desde un solo punto alto. Disponible en luz cálida (3000 K), neutra (4000 K) y fría (6500 K). La cálida es amarillenta y hace el espacio acogedor; la fría es blanco-azulada y rinde más para trabajar. Opera de 100 a 240 V, 60 Hz. Vida útil aproximada de 20.000 horas.",100 W,E27,100-240 V,,Alta potencia. ≈ 650 W incandescente.,,Iluminación,,Lexmana
Bombillos LED,Bombillo LED con Sensor de Movimiento E27,"Bombillo LED con sensor de movimiento incorporado, rosca E27. Se enrosca en el portalámpara de siempre y ya: enciende solo cuando detecta a alguien y se apaga solo al rato. No requiere cambiar el interruptor ni cablear nada. Ideal para escaleras, pasillos, garajes y zonas de paso donde la luz se queda prendida sin que nadie la use. Opera de 100 a 240 V, 60 Hz. Vida útil aproximada de 20.000 horas.",9-12 W,E27,100-240 V,,Sensor de movimiento integrado. No requiere obra.,,Iluminación,,Lexmana
Bombillos LED,Bombillo LED Solar Recargable con Control,"Bombillo LED solar recargable con panel fotovoltaico y control remoto. Trae batería interna: el panel la carga de día y el bombillo alumbra de noche, sin conexión a la red. Es la solución para fincas, kioscos, zonas rurales y sitios sin energía, y también como respaldo cuando se va la luz. Autonomía típica de 10 a 15 horas según la carga.",,,,,Con panel solar y batería. Funciona sin red eléctrica.,,Iluminación,,Lexmana
Paneles LED,Panel LED Redondo Incrustar 6 W,"Panel LED redondo para incrustar en cielo raso, 6 W, 3"". Se empotra en drywall o cielo falso y queda a ras: solo se ve el aro de luz. El panel reparte la luz sobre toda su superficie en vez de concentrarla en un punto, así que no encandila ni proyecta sombras duras. Por eso es el estándar de oficina, consultorio y comercio. Tecnología DOB (driver a bordo): la electrónica va integrada en la misma placa, sin driver externo colgando. Menos piezas, menos puntos de falla. Entrega cerca de 600 lúmenes. Disponible en luz cálida (3000 K), neutra (4000 K) y fría (6500 K). La cálida es amarillenta y hace el espacio acogedor; la fría es blanco-azulada y rinde más para trabajar. Opera de 100 a 240 V, 60 Hz. Vida útil aproximada de 20.000 horas.",6 W,"3""",100-240 V,,Incrustar. Tecnología DOB (driver a bordo): la elec...,,Iluminación,,Lexmana
Paneles LED,Panel LED Redondo Incrustar 12 W,"Panel LED redondo para incrustar en cielo raso, 12 W, 4"". Se empotra en drywall o cielo falso y queda a ras: solo se ve el aro de luz. El panel reparte la luz sobre toda su superficie en vez de concentrarla en un punto, así que no encandila ni proyecta sombras duras. Por eso es el estándar de oficina, consultorio y comercio. Tecnología DOB (driver a bordo): la electrónica va integrada en la misma placa, sin driver externo colgando. Menos piezas, menos puntos de falla. Entrega cerca de 1200 lúmenes. Disponible en luz cálida (3000 K), neutra (4000 K) y fría (6500 K). La cálida es amarillenta y hace el espacio acogedor; la fría es blanco-azulada y rinde más para trabajar. Opera de 100 a 240 V, 60 Hz. Vida útil aproximada de 20.000 horas.",12 W,"4""",100-240 V,,Incrustar. Tecnología DOB (driver a bordo): la elec...,,Iluminación,,Lexmana
Paneles LED,Panel LED Redondo Incrustar 18 W,"Panel LED redondo para incrustar en cielo raso, 18 W, 6"". Se empotra en drywall o cielo falso y queda a ras: solo se ve el aro de luz. El panel reparte la luz sobre toda su superficie en vez de concentrarla en un punto, así que no encandila ni proyecta sombras duras. Por eso es el estándar de oficina, consultorio y comercio. Tecnología DOB (driver a bordo): la electrónica va integrada en la misma placa, sin driver externo colgando. Menos piezas, menos puntos de falla. Entrega cerca de 1800 lúmenes. Disponible en luz cálida (3000 K), neutra (4000 K) y fría (6500 K). La cálida es amarillenta y hace el espacio acogedor; la fría es blanco-azulada y rinde más para trabajar. Opera de 100 a 240 V, 60 Hz. Vida útil aproximada de 20.000 horas.",18 W,"6""",100-240 V,,Incrustar. Tecnología DOB (driver a bordo): la elec...,,Iluminación,,Lexmana
Paneles LED,Panel LED Redondo Incrustar 24 W,"Panel LED redondo para incrustar en cielo raso, 24 W, 8"". Se empotra en drywall o cielo falso y queda a ras: solo se ve el aro de luz. El panel reparte la luz sobre toda su superficie en vez de concentrarla en un punto, así que no encandila ni proyecta sombras duras. Por eso es el estándar de oficina, consultorio y comercio. Tecnología DOB (driver a bordo): la electrónica va integrada en la misma placa, sin driver externo colgando. Menos piezas, menos puntos de falla. Entrega cerca de 2400 lúmenes. Disponible en luz cálida (3000 K), neutra (4000 K) y fría (6500 K). La cálida es amarillenta y hace el espacio acogedor; la fría es blanco-azulada y rinde más para trabajar. Opera de 100 a 240 V, 60 Hz. Vida útil aproximada de 20.000 horas.",24 W,"8""",100-240 V,,Incrustar. Tecnología DOB (driver a bordo): la elec...,,Iluminación,,Lexmana
Paneles LED,Panel LED Redondo Sobreponer 6 W,"Panel LED redondo de sobreponer, 6 W, 3"". Se atornilla directo al techo, sin necesidad de perforar ni de tener cielo falso. Es la opción cuando el techo es en placa de concreto y no se puede incrustar. El panel reparte la luz sobre toda su superficie en vez de concentrarla en un punto, así que no encandila ni proyecta sombras duras. Por eso es el estándar de oficina, consultorio y comercio. Tecnología DOB (driver a bordo): la electrónica va integrada en la misma placa, sin driver externo colgando. Menos piezas, menos puntos de falla. Disponible en luz cálida (3000 K), neutra (4000 K) y fría (6500 K). La cálida es amarillenta y hace el espacio acogedor; la fría es blanco-azulada y rinde más para trabajar. Opera de 100 a 240 V, 60 Hz. Vida útil aproximada de 20.000 horas.",6 W,"3""",100-240 V,,Sobreponer. No requiere cielo falso.,,Iluminación,,Lexmana
Paneles LED,Panel LED Redondo Sobreponer 12 W,"Panel LED redondo de sobreponer, 12 W, 4"". Se atornilla directo al techo, sin necesidad de perforar ni de tener cielo falso. Es la opción cuando el techo es en placa de concreto y no se puede incrustar. El panel reparte la luz sobre toda su superficie en vez de concentrarla en un punto, así que no encandila ni proyecta sombras duras. Por eso es el estándar de oficina, consultorio y comercio. Tecnología DOB (driver a bordo): la electrónica va integrada en la misma placa, sin driver externo colgando. Menos piezas, menos puntos de falla. Disponible en luz cálida (3000 K), neutra (4000 K) y fría (6500 K). La cálida es amarillenta y hace el espacio acogedor; la fría es blanco-azulada y rinde más para trabajar. Opera de 100 a 240 V, 60 Hz. Vida útil aproximada de 20.000 horas.",12 W,"4""",100-240 V,,Sobreponer. No requiere cielo falso.,,Iluminación,,Lexmana
Paneles LED,Panel LED Redondo Sobreponer 18 W,"Panel LED redondo de sobreponer, 18 W, 6"". Se atornilla directo al techo, sin necesidad de perforar ni de tener cielo falso. Es la opción cuando el techo es en placa de concreto y no se puede incrustar. El panel reparte la luz sobre toda su superficie en vez de concentrarla en un punto, así que no encandila ni proyecta sombras duras. Por eso es el estándar de oficina, consultorio y comercio. Tecnología DOB (driver a bordo): la electrónica va integrada en la misma placa, sin driver externo colgando. Menos piezas, menos puntos de falla. Disponible en luz cálida (3000 K), neutra (4000 K) y fría (6500 K). La cálida es amarillenta y hace el espacio acogedor; la fría es blanco-azulada y rinde más para trabajar. Opera de 100 a 240 V, 60 Hz. Vida útil aproximada de 20.000 horas.",18 W,"6""",100-240 V,,Sobreponer. No requiere cielo falso.,,Iluminación,,Lexmana
Paneles LED,Panel LED Redondo Sobreponer 24 W,"Panel LED redondo de sobreponer, 24 W, 8"". Se atornilla directo al techo, sin necesidad de perforar ni de tener cielo falso. Es la opción cuando el techo es en placa de concreto y no se puede incrustar. El panel reparte la luz sobre toda su superficie en vez de concentrarla en un punto, así que no encandila ni proyecta sombras duras. Por eso es el estándar de oficina, consultorio y comercio. Tecnología DOB (driver a bordo): la electrónica va integrada en la misma placa, sin driver externo colgando. Menos piezas, menos puntos de falla. Disponible en luz cálida (3000 K), neutra (4000 K) y fría (6500 K). La cálida es amarillenta y hace el espacio acogedor; la fría es blanco-azulada y rinde más para trabajar. Opera de 100 a 240 V, 60 Hz. Vida útil aproximada de 20.000 horas.",24 W,"8""",100-240 V,,Sobreponer. No requiere cielo falso.,,Iluminación,,Lexmana
Paneles LED,Panel LED Redondo sin Borde Incrustar 18 W,"Panel LED redondo sin borde (marco invisible) para incrustar, 18 W. Al no tener aro visible, la luz parece salir del propio cielo raso: acabado limpio y minimalista, muy pedido en obra de diseño. El panel reparte la luz sobre toda su superficie en vez de concentrarla en un punto, así que no encandila ni proyecta sombras duras. Por eso es el estándar de oficina, consultorio y comercio. Tecnología DOB (driver a bordo): la electrónica va integrada en la misma placa, sin driver externo colgando. Menos piezas, menos puntos de falla. Disponible en luz cálida (3000 K), neutra (4000 K) y fría (6500 K). La cálida es amarillenta y hace el espacio acogedor; la fría es blanco-azulada y rinde más para trabajar. Opera de 100 a 240 V, 60 Hz. Vida útil aproximada de 20.000 horas.",18 W,,100-240 V,,"Sin borde: acabado a ras, sin marco visible.",,Iluminación,,Lexmana
Paneles LED,Panel LED Cuadrado 30x60 cm 24 W,"Panel LED de 30x60 cm, 24 W, para cielo raso modular. Encaja exactamente en la retícula del cielo falso, reemplazando una baldosa completa. El panel reparte la luz sobre toda su superficie en vez de concentrarla en un punto, así que no encandila ni proyecta sombras duras. Por eso es el estándar de oficina, consultorio y comercio. Es la luminaria de oficina por excelencia: entrega cerca de 2400 lúmenes de luz pareja, sin puntos calientes. Disponible para incrustar o sobreponer. Disponible en luz cálida (3000 K), neutra (4000 K) y fría (6500 K). La cálida es amarillenta y hace el espacio acogedor; la fría es blanco-azulada y rinde más para trabajar. Opera de 100 a 240 V, 60 Hz. Vida útil aproximada de 20.000 horas.",24 W,30x60 cm,100-240 V,,Para cielo raso modular. Incrustar o sobreponer.,,Iluminación,,Lexmana
Paneles LED,Panel LED Cuadrado 60x60 cm 40 W,"Panel LED de 60x60 cm, 40 W, para cielo raso modular. Encaja exactamente en la retícula del cielo falso, reemplazando una baldosa completa. El panel reparte la luz sobre toda su superficie en vez de concentrarla en un punto, así que no encandila ni proyecta sombras duras. Por eso es el estándar de oficina, consultorio y comercio. Es la luminaria de oficina por excelencia: entrega cerca de 4000 lúmenes de luz pareja, sin puntos calientes. Disponible para incrustar o sobreponer. Disponible en luz cálida (3000 K), neutra (4000 K) y fría (6500 K). La cálida es amarillenta y hace el espacio acogedor; la fría es blanco-azulada y rinde más para trabajar. Opera de 100 a 240 V, 60 Hz. Vida útil aproximada de 20.000 horas.",40 W,60x60 cm,100-240 V,,Para cielo raso modular. Incrustar o sobreponer.,,Iluminación,,Lexmana
Paneles LED,Panel LED Cuadrado 30x120 cm 40 W,"Panel LED de 30x120 cm, 40 W, para cielo raso modular. Encaja exactamente en la retícula del cielo falso, reemplazando una baldosa completa. El panel reparte la luz sobre toda su superficie en vez de concentrarla en un punto, así que no encandila ni proyecta sombras duras. Por eso es el estándar de oficina, consultorio y comercio. Es la luminaria de oficina por excelencia: entrega cerca de 4000 lúmenes de luz pareja, sin puntos calientes. Disponible para incrustar o sobreponer. Disponible en luz cálida (3000 K), neutra (4000 K) y fría (6500 K). La cálida es amarillenta y hace el espacio acogedor; la fría es blanco-azulada y rinde más para trabajar. Opera de 100 a 240 V, 60 Hz. Vida útil aproximada de 20.000 horas.",40 W,30x120 cm,100-240 V,,Para cielo raso modular. Incrustar o sobreponer.,,Iluminación,,Lexmana
Paneles LED,Panel LED Cuadrado Incrustar 3 Tonos de Luz,"Panel LED cuadrado para incrustar con selector de tres tonos de luz. Un interruptor en la propia luminaria permite cambiar entre cálida, neutra y fría sin cambiar el panel. Sirve cuando no se ha definido el ambiente o cuando el mismo espacio cumple varias funciones —oficina de día, sala de noche—. El panel reparte la luz sobre toda su superficie en vez de concentrarla en un punto, así que no encandila ni proyecta sombras duras. Por eso es el estándar de oficina, consultorio y comercio. Opera de 100 a 240 V, 60 Hz. Vida útil aproximada de 20.000 horas.",,,100-240 V,,"Selector de 3 tonos: cálida, neutra y fría.",,Iluminación,,Lexmana
Reflectores LED,Reflector LED 10 W IP65,"Reflector LED de 10 W con cuerpo sellado grado IP65. Entrega cerca de 1000 lúmenes. El reflector proyecta la luz hacia adelante en un haz amplio, para bañar un área grande desde un punto alto. Carcasa con protección IP65: sellada contra polvo y chorros de agua, o sea que aguanta lluvia directa. Se usa en fachadas, patios, canchas, parqueaderos, bodegas y obra. Disponible en luz cálida (3000 K), neutra (4000 K) y fría (6500 K). La cálida es amarillenta y hace el espacio acogedor; la fría es blanco-azulada y rinde más para trabajar. Opera de 100 a 240 V, 60 Hz. Vida útil aproximada de 20.000 horas.",10 W,,100-240 V,,"10 W, IP65. Para exteriores.",,Iluminación,,Lexmana
Reflectores LED,Reflector LED 20 W IP65,"Reflector LED de 20 W con cuerpo sellado grado IP65. Entrega cerca de 2000 lúmenes. El reflector proyecta la luz hacia adelante en un haz amplio, para bañar un área grande desde un punto alto. Carcasa con protección IP65: sellada contra polvo y chorros de agua, o sea que aguanta lluvia directa. Se usa en fachadas, patios, canchas, parqueaderos, bodegas y obra. Disponible en luz cálida (3000 K), neutra (4000 K) y fría (6500 K). La cálida es amarillenta y hace el espacio acogedor; la fría es blanco-azulada y rinde más para trabajar. Opera de 100 a 240 V, 60 Hz. Vida útil aproximada de 20.000 horas.",20 W,,100-240 V,,"20 W, IP65. Para exteriores.",,Iluminación,,Lexmana
Reflectores LED,Reflector LED 30 W IP65,"Reflector LED de 30 W con cuerpo sellado grado IP65. Entrega cerca de 3000 lúmenes. El reflector proyecta la luz hacia adelante en un haz amplio, para bañar un área grande desde un punto alto. Carcasa con protección IP65: sellada contra polvo y chorros de agua, o sea que aguanta lluvia directa. Se usa en fachadas, patios, canchas, parqueaderos, bodegas y obra. Disponible en luz cálida (3000 K), neutra (4000 K) y fría (6500 K). La cálida es amarillenta y hace el espacio acogedor; la fría es blanco-azulada y rinde más para trabajar. Opera de 100 a 240 V, 60 Hz. Vida útil aproximada de 20.000 horas.",30 W,,100-240 V,,"30 W, IP65. Para exteriores.",,Iluminación,,Lexmana
Reflectores LED,Reflector LED 50 W IP65,"Reflector LED de 50 W con cuerpo sellado grado IP65. Entrega cerca de 5000 lúmenes. El reflector proyecta la luz hacia adelante en un haz amplio, para bañar un área grande desde un punto alto. Carcasa con protección IP65: sellada contra polvo y chorros de agua, o sea que aguanta lluvia directa. Se usa en fachadas, patios, canchas, parqueaderos, bodegas y obra. Disponible en luz cálida (3000 K), neutra (4000 K) y fría (6500 K). La cálida es amarillenta y hace el espacio acogedor; la fría es blanco-azulada y rinde más para trabajar. Opera de 100 a 240 V, 60 Hz. Vida útil aproximada de 20.000 horas.",50 W,,100-240 V,,"50 W, IP65. Para exteriores.",,Iluminación,,Lexmana
Reflectores LED,Reflector LED 100 W IP65,"Reflector LED de 100 W con cuerpo sellado grado IP65. Entrega cerca de 10000 lúmenes. El reflector proyecta la luz hacia adelante en un haz amplio, para bañar un área grande desde un punto alto. Carcasa con protección IP65: sellada contra polvo y chorros de agua, o sea que aguanta lluvia directa. Se usa en fachadas, patios, canchas, parqueaderos, bodegas y obra. Disponible en luz cálida (3000 K), neutra (4000 K) y fría (6500 K). La cálida es amarillenta y hace el espacio acogedor; la fría es blanco-azulada y rinde más para trabajar. Opera de 100 a 240 V, 60 Hz. Vida útil aproximada de 20.000 horas.",100 W,,100-240 V,,"100 W, IP65. Para exteriores.",,Iluminación,,Lexmana
Reflectores LED,Reflector LED 150 W IP65,"Reflector LED de 150 W con cuerpo sellado grado IP65. Entrega cerca de 15000 lúmenes. El reflector proyecta la luz hacia adelante en un haz amplio, para bañar un área grande desde un punto alto. Carcasa con protección IP65: sellada contra polvo y chorros de agua, o sea que aguanta lluvia directa. Se usa en fachadas, patios, canchas, parqueaderos, bodegas y obra. Disponible en luz cálida (3000 K), neutra (4000 K) y fría (6500 K). La cálida es amarillenta y hace el espacio acogedor; la fría es blanco-azulada y rinde más para trabajar. Opera de 100 a 240 V, 60 Hz. Vida útil aproximada de 20.000 horas.",150 W,,100-240 V,,"150 W, IP65. Para exteriores.",,Iluminación,,Lexmana
Reflectores LED,Reflector LED 200 W IP65,"Reflector LED de 200 W con cuerpo sellado grado IP65. Entrega cerca de 20000 lúmenes. El reflector proyecta la luz hacia adelante en un haz amplio, para bañar un área grande desde un punto alto. Carcasa con protección IP65: sellada contra polvo y chorros de agua, o sea que aguanta lluvia directa. Se usa en fachadas, patios, canchas, parqueaderos, bodegas y obra. Disponible en luz cálida (3000 K), neutra (4000 K) y fría (6500 K). La cálida es amarillenta y hace el espacio acogedor; la fría es blanco-azulada y rinde más para trabajar. Opera de 100 a 240 V, 60 Hz. Vida útil aproximada de 20.000 horas.",200 W,,100-240 V,,"200 W, IP65. Para exteriores.",,Iluminación,,Lexmana
Reflectores LED,Reflector LED 300 W IP65,"Reflector LED de 300 W con cuerpo sellado grado IP65. Entrega cerca de 30000 lúmenes. El reflector proyecta la luz hacia adelante en un haz amplio, para bañar un área grande desde un punto alto. Carcasa con protección IP65: sellada contra polvo y chorros de agua, o sea que aguanta lluvia directa. Se usa en fachadas, patios, canchas, parqueaderos, bodegas y obra. Disponible en luz cálida (3000 K), neutra (4000 K) y fría (6500 K). La cálida es amarillenta y hace el espacio acogedor; la fría es blanco-azulada y rinde más para trabajar. Opera de 100 a 240 V, 60 Hz. Vida útil aproximada de 20.000 horas.",300 W,,100-240 V,,"300 W, IP65. Para exteriores.",,Iluminación,,Lexmana
Reflectores LED,Reflector LED RGB con Control,"Reflector LED RGB con control remoto. Cambia de color y permite secuencias, además de la luz blanca. Se usa en fachadas, jardines, eventos y decoración. Carcasa IP65 para intemperie. Opera de 100 a 240 V, 60 Hz. Vida útil aproximada de 20.000 horas.",,,100-240 V,,RGB con control remoto. IP65.,,Iluminación,,Lexmana
Reflectores LED,Reflector LED con Sensor de Movimiento,"Reflector LED con sensor de movimiento integrado. Permanece apagado y se enciende solo cuando detecta a alguien acercándose. Cumple doble función: ahorra energía y disuade —una luz que se prende de golpe espanta más que una encendida toda la noche—. Carcasa IP65. Opera de 100 a 240 V, 60 Hz. Vida útil aproximada de 20.000 horas.",,,100-240 V,,Con sensor de movimiento. IP65. Uso disuasivo.,,Iluminación,,Lexmana
Reflectores LED,Reflector LED Solar Recargable 30 W,"Reflector LED solar de 30 W con panel fotovoltaico y batería recargable. No se conecta a la red: el panel carga la batería de día y el reflector alumbra de noche. Elimina la acometida y el consumo, por eso es la solución para fincas, parqueaderos, portones, canchas y zonas donde llevar energía sale más caro que el propio reflector. Suele traer control remoto y sensor. Carcasa IP65.",30 W,,,,Panel solar + batería. Sin conexión a la red.,,Iluminación,,Lexmana
Reflectores LED,Reflector LED Solar Recargable 60 W,"Reflector LED solar de 60 W con panel fotovoltaico y batería recargable. No se conecta a la red: el panel carga la batería de día y el reflector alumbra de noche. Elimina la acometida y el consumo, por eso es la solución para fincas, parqueaderos, portones, canchas y zonas donde llevar energía sale más caro que el propio reflector. Suele traer control remoto y sensor. Carcasa IP65.",60 W,,,,Panel solar + batería. Sin conexión a la red.,,Iluminación,,Lexmana
Reflectores LED,Reflector LED Solar Recargable 100 W,"Reflector LED solar de 100 W con panel fotovoltaico y batería recargable. No se conecta a la red: el panel carga la batería de día y el reflector alumbra de noche. Elimina la acometida y el consumo, por eso es la solución para fincas, parqueaderos, portones, canchas y zonas donde llevar energía sale más caro que el propio reflector. Suele traer control remoto y sensor. Carcasa IP65.",100 W,,,,Panel solar + batería. Sin conexión a la red.,,Iluminación,,Lexmana
Reflectores LED,Reflector LED Solar Recargable 200 W,"Reflector LED solar de 200 W con panel fotovoltaico y batería recargable. No se conecta a la red: el panel carga la batería de día y el reflector alumbra de noche. Elimina la acometida y el consumo, por eso es la solución para fincas, parqueaderos, portones, canchas y zonas donde llevar energía sale más caro que el propio reflector. Suele traer control remoto y sensor. Carcasa IP65.",200 W,,,,Panel solar + batería. Sin conexión a la red.,,Iluminación,,Lexmana
Tubos y Luminarias Lineales,Tubo LED T8 9 W 60 cm,"Tubo LED T8 de 9 W, 60 cm, en policarbonato. Reemplaza directamente al tubo fluorescente de la misma medida: se quita el balasto (o se puentea) y el tubo LED se conecta directo a la red. Gasta cerca de la mitad, enciende al instante sin parpadeo y no lleva mercurio. Disponible con conexión a una punta o a dos puntas. El policarbonato no se astilla como el vidrio. Disponible en luz cálida (3000 K), neutra (4000 K) y fría (6500 K). La cálida es amarillenta y hace el espacio acogedor; la fría es blanco-azulada y rinde más para trabajar. Opera de 100 a 240 V, 60 Hz. Vida útil aproximada de 20.000 horas.",9 W,60 cm,100-240 V,,Reemplaza tubo fluorescente. Requiere retirar o puentear el balasto.,,Iluminación,,Lexmana
Tubos y Luminarias Lineales,Tubo LED T8 18 W 120 cm,"Tubo LED T8 de 18 W, 120 cm, en policarbonato. Reemplaza directamente al tubo fluorescente de la misma medida: se quita el balasto (o se puentea) y el tubo LED se conecta directo a la red. Gasta cerca de la mitad, enciende al instante sin parpadeo y no lleva mercurio. Disponible con conexión a una punta o a dos puntas. El policarbonato no se astilla como el vidrio. Disponible en luz cálida (3000 K), neutra (4000 K) y fría (6500 K). La cálida es amarillenta y hace el espacio acogedor; la fría es blanco-azulada y rinde más para trabajar. Opera de 100 a 240 V, 60 Hz. Vida útil aproximada de 20.000 horas.",18 W,120 cm,100-240 V,,Reemplaza tubo fluorescente. Requiere retirar o puentear el balasto.,,Iluminación,,Lexmana
Tubos y Luminarias Lineales,Tubo LED T8 22 W 120 cm,"Tubo LED T8 de 22 W, 120 cm, en policarbonato. Reemplaza directamente al tubo fluorescente de la misma medida: se quita el balasto (o se puentea) y el tubo LED se conecta directo a la red. Gasta cerca de la mitad, enciende al instante sin parpadeo y no lleva mercurio. Disponible con conexión a una punta o a dos puntas. El policarbonato no se astilla como el vidrio. Disponible en luz cálida (3000 K), neutra (4000 K) y fría (6500 K). La cálida es amarillenta y hace el espacio acogedor; la fría es blanco-azulada y rinde más para trabajar. Opera de 100 a 240 V, 60 Hz. Vida útil aproximada de 20.000 horas.",22 W,120 cm,100-240 V,,Reemplaza tubo fluorescente. Requiere retirar o puentear el balasto.,,Iluminación,,Lexmana
Tubos y Luminarias Lineales,Lámpara Hermética LED 2x18 W con Tubos,"Lámpara hermética de dos tubos LED de 18 W, con carcasa sellada. El sello es el punto: mantiene afuera el polvo, la humedad y los insectos, así que la luminaria no se ensucia por dentro ni pierde rendimiento. Es la luminaria de parqueaderos, bodegas, cuartos fríos, zonas de lavado y plantas de alimentos. Opera de 100 a 240 V, 60 Hz. Vida útil aproximada de 20.000 horas.",36 W,,100-240 V,,Carcasa sellada. Para ambientes con polvo y humedad.,,Iluminación,,Lexmana
Tubos y Luminarias Lineales,Lámpara LED Antipolvo,"Lámpara LED antipolvo de superficie, con difusor sellado. Versión compacta y más económica de la hermética, para ambientes donde hay polvo pero no chorros de agua: talleres, depósitos, garajes y zonas de servicio. Opera de 100 a 240 V, 60 Hz. Vida útil aproximada de 20.000 horas.",,,100-240 V,,Difusor sellado. Para ambientes con polvo.,,Iluminación,,Lexmana
Tubos y Luminarias Lineales,Luminaria LED Lineal de Sobreponer,"Luminaria LED lineal de sobreponer, cuerpo delgado y luz continua. Se usa en corridas sobre mostradores, pasillos, vitrinas y cielos rasos donde se busca una línea de luz limpia en vez de puntos separados. Se pueden acoplar varias en línea. Opera de 100 a 240 V, 60 Hz. Vida útil aproximada de 20.000 horas.",,,100-240 V,,Acoplable en línea continua.,,Iluminación,,Lexmana
"Balas, Spots y Apliques",Bala LED Incrustar Redonda GU10,"Bala de incrustar redonda con portalámpara GU10. Se empotra en el cielo raso y aloja un bombillo GU10 reemplazable —esa es la ventaja frente al panel: cuando el LED se agota, se cambia solo la bombilla, no toda la luminaria—. Algunas versiones son basculantes: el aro gira para orientar el haz hacia un cuadro o una pared. Se usa en sala, cocina y comercio.",,GU10,100-240 V,,Portalámpara GU10 reemplazable. Requiere cielo falso.,,Iluminación,,Lexmana
"Balas, Spots y Apliques",Bala LED Incrustar Cuadrada GU10,"Bala de incrustar cuadrada con portalámpara GU10. Se empotra en el cielo raso y aloja un bombillo GU10 reemplazable —esa es la ventaja frente al panel: cuando el LED se agota, se cambia solo la bombilla, no toda la luminaria—. Algunas versiones son basculantes: el aro gira para orientar el haz hacia un cuadro o una pared. Se usa en sala, cocina y comercio.",,GU10,100-240 V,,Portalámpara GU10 reemplazable. Requiere cielo falso.,,Iluminación,,Lexmana
"Balas, Spots y Apliques",Spot LED de Riel GU10,"Spot LED para riel electrificado, portalámpara GU10. Se engancha en cualquier punto del riel y se orienta a mano, así que la iluminación se recompone cuando cambia la vitrina o el montaje. Es la luminaria de tiendas, galerías y showrooms.",,GU10,100-240 V,,Para riel electrificado. Orientable.,,Iluminación,,Lexmana
"Balas, Spots y Apliques",Riel Electrificado para Spots,"Riel electrificado de montaje en techo o pared, para alimentar spots LED. Lleva la corriente a lo largo de toda su longitud, de modo que los spots se pueden mover, agregar o quitar sin tocar el cableado. Disponible en varias longitudes y acoplable.",,,100-240 V,,Alimenta los spots en cualquier punto de su recorrido.,,Iluminación,,Lexmana
"Balas, Spots y Apliques",Spot LED COB Empotrable,"Spot LED tipo COB (chip on board) empotrable. El COB concentra muchos chips en una sola superficie, lo que produce un haz definido y de buen contraste, sin la sombra múltiple que dejan otros LED. Es el spot de acento: ilumina un cuadro, una repisa o un producto.",,,100-240 V,,"Tecnología COB. Haz concentrado, para luz de acento.",,Iluminación,,Lexmana
"Balas, Spots y Apliques",Aplique LED Redondo GU10,"Aplique redondo para pared o techo, con haz difuso, con portalámpara GU10. Se monta en superficie —no requiere cielo falso— y sirve tanto de luz decorativa como de apoyo. La bombilla GU10 es reemplazable.",,GU10,100-240 V,,De superficie. Bombilla GU10 reemplazable.,,Iluminación,,Lexmana
"Balas, Spots y Apliques",Aplique LED Cuadrado GU10,"Aplique cuadrado para pared o techo, de líneas rectas, con portalámpara GU10. Se monta en superficie —no requiere cielo falso— y sirve tanto de luz decorativa como de apoyo. La bombilla GU10 es reemplazable.",,GU10,100-240 V,,De superficie. Bombilla GU10 reemplazable.,,Iluminación,,Lexmana
"Balas, Spots y Apliques",Aplique LED Rectangular Luz Arriba y Abajo,"Aplique LED rectangular de doble haz: proyecta luz hacia arriba y hacia abajo simultáneamente, dibujando dos conos sobre la pared. Es un recurso decorativo muy usado en fachadas, escaleras y pasillos. Versión para intemperie con protección IP65.",,,100-240 V,,Doble haz (arriba y abajo). Versión IP65 para exteriores.,,Iluminación,,Lexmana
Luminarias Industriales,Lámpara LED High Bay Campana 100 W,"Lámpara LED tipo campana (high bay) de 100 W, con chip COB. Está pensada para colgar a gran altura —6 metros o más— y concentrar la luz hacia abajo con un reflector, porque a esa distancia una luminaria común se dispersa y no alumbra nada. Entrega cerca de 10000 lúmenes. Es la luminaria de bodegas, plantas industriales, polideportivos y grandes superficies. Opera de 100 a 240 V, 60 Hz. Vida útil aproximada de 20.000 horas.",100 W,,100-240 V,,Para alturas de 6 m o más. Reflector concentrador.,,Iluminación,,Lexmana
Luminarias Industriales,Lámpara LED High Bay Campana 150 W,"Lámpara LED tipo campana (high bay) de 150 W, con chip COB. Está pensada para colgar a gran altura —6 metros o más— y concentrar la luz hacia abajo con un reflector, porque a esa distancia una luminaria común se dispersa y no alumbra nada. Entrega cerca de 15000 lúmenes. Es la luminaria de bodegas, plantas industriales, polideportivos y grandes superficies. Opera de 100 a 240 V, 60 Hz. Vida útil aproximada de 20.000 horas.",150 W,,100-240 V,,Para alturas de 6 m o más. Reflector concentrador.,,Iluminación,,Lexmana
Luminarias Industriales,Lámpara LED High Bay Campana 200 W,"Lámpara LED tipo campana (high bay) de 200 W, con chip COB. Está pensada para colgar a gran altura —6 metros o más— y concentrar la luz hacia abajo con un reflector, porque a esa distancia una luminaria común se dispersa y no alumbra nada. Entrega cerca de 20000 lúmenes. Es la luminaria de bodegas, plantas industriales, polideportivos y grandes superficies. Opera de 100 a 240 V, 60 Hz. Vida útil aproximada de 20.000 horas.",200 W,,100-240 V,,Para alturas de 6 m o más. Reflector concentrador.,,Iluminación,,Lexmana
Luminarias de Emergencia,Lámpara de Emergencia LED 2 Luces,"Lámpara de emergencia LED de dos faros orientables, con batería recargable. Permanece cargándose conectada a la red y, en el instante en que se corta la energía, enciende sola. Los dos faros se orientan hacia donde se necesite iluminar la salida. Autonomía típica de 2 a 3 horas. Es obligatoria en rutas de evacuación de edificaciones según el reglamento de seguridad humana.",,,100-240 V,,Batería recargable. Enciende automáticamente al cortarse la energía.,,Iluminación,,Lexmana
Luminarias de Emergencia,Lámpara de Emergencia LED de Incrustar,"Lámpara de emergencia LED para incrustar en cielo raso, con batería recargable. Cumple la misma función que la de dos faros pero queda oculta y discreta, encendiéndose solo cuando falta la energía. Se usa en hoteles, oficinas y comercio, donde la luminaria de emergencia a la vista rompe el acabado.",,,100-240 V,,"Batería recargable. Discreta, se incrusta en el cielo raso.",,Iluminación,,Lexmana
Luminarias de Emergencia,Señalización LED de Salida de Emergencia,Aviso luminoso de salida de emergencia con LED y batería de respaldo. Marca la ruta de evacuación y permanece encendido incluso sin energía. Exigido por el reglamento de seguridad humana en edificaciones de pública concurrencia.,,,100-240 V,,Con batería de respaldo. Exigido en rutas de evacuación.,,Iluminación,,Lexmana
Alumbrado Público y Solar,Luminaria LED Alumbrado Público 50 W,"Luminaria LED de alumbrado público de 50 W, tipo cobra, con óptica diseñada para repartir la luz a lo largo de la vía en vez de en un círculo. Carcasa en aluminio para disipar el calor y protección IP65 contra lluvia y polvo. Se monta sobre brazo en poste. Suele incorporar fotocelda para encendido automático al anochecer. Opera de 100 a 240 V, 60 Hz. Vida útil aproximada de 20.000 horas.",50 W,,100-240 V,,Óptica vial. IP65. Montaje en brazo de poste.,,Iluminación,,Lexmana
Alumbrado Público y Solar,Luminaria LED Alumbrado Público 100 W,"Luminaria LED de alumbrado público de 100 W, tipo cobra, con óptica diseñada para repartir la luz a lo largo de la vía en vez de en un círculo. Carcasa en aluminio para disipar el calor y protección IP65 contra lluvia y polvo. Se monta sobre brazo en poste. Suele incorporar fotocelda para encendido automático al anochecer. Opera de 100 a 240 V, 60 Hz. Vida útil aproximada de 20.000 horas.",100 W,,100-240 V,,Óptica vial. IP65. Montaje en brazo de poste.,,Iluminación,,Lexmana
Alumbrado Público y Solar,Luminaria LED Alumbrado Público 150 W,"Luminaria LED de alumbrado público de 150 W, tipo cobra, con óptica diseñada para repartir la luz a lo largo de la vía en vez de en un círculo. Carcasa en aluminio para disipar el calor y protección IP65 contra lluvia y polvo. Se monta sobre brazo en poste. Suele incorporar fotocelda para encendido automático al anochecer. Opera de 100 a 240 V, 60 Hz. Vida útil aproximada de 20.000 horas.",150 W,,100-240 V,,Óptica vial. IP65. Montaje en brazo de poste.,,Iluminación,,Lexmana
Alumbrado Público y Solar,Luminaria LED Alumbrado Público 200 W,"Luminaria LED de alumbrado público de 200 W, tipo cobra, con óptica diseñada para repartir la luz a lo largo de la vía en vez de en un círculo. Carcasa en aluminio para disipar el calor y protección IP65 contra lluvia y polvo. Se monta sobre brazo en poste. Suele incorporar fotocelda para encendido automático al anochecer. Opera de 100 a 240 V, 60 Hz. Vida útil aproximada de 20.000 horas.",200 W,,100-240 V,,Óptica vial. IP65. Montaje en brazo de poste.,,Iluminación,,Lexmana
Alumbrado Público y Solar,Luminaria LED Solar Alumbrado Público 60 W,"Luminaria LED solar de alumbrado público, 60 W, con panel fotovoltaico, batería y control integrados. Funciona por completo fuera de la red: se instala en el poste y no necesita acometida ni medidor, lo que la vuelve la opción obvia en vías rurales, parques, veredas y zonas donde llevar la red cuesta más que la luminaria. Enciende sola al anochecer y suele traer sensor de movimiento para subir la intensidad al detectar paso. Autonomía de 10 a 15 horas.",60 W,,,,Panel solar + batería. Sin acometida ni medidor.,,Iluminación,,Lexmana
Alumbrado Público y Solar,Luminaria LED Solar Alumbrado Público 100 W,"Luminaria LED solar de alumbrado público, 100 W, con panel fotovoltaico, batería y control integrados. Funciona por completo fuera de la red: se instala en el poste y no necesita acometida ni medidor, lo que la vuelve la opción obvia en vías rurales, parques, veredas y zonas donde llevar la red cuesta más que la luminaria. Enciende sola al anochecer y suele traer sensor de movimiento para subir la intensidad al detectar paso. Autonomía de 10 a 15 horas.",100 W,,,,Panel solar + batería. Sin acometida ni medidor.,,Iluminación,,Lexmana
Alumbrado Público y Solar,Luminaria LED Solar Alumbrado Público 200 W,"Luminaria LED solar de alumbrado público, 200 W, con panel fotovoltaico, batería y control integrados. Funciona por completo fuera de la red: se instala en el poste y no necesita acometida ni medidor, lo que la vuelve la opción obvia en vías rurales, parques, veredas y zonas donde llevar la red cuesta más que la luminaria. Enciende sola al anochecer y suele traer sensor de movimiento para subir la intensidad al detectar paso. Autonomía de 10 a 15 horas.",200 W,,,,Panel solar + batería. Sin acometida ni medidor.,,Iluminación,,Lexmana
Alumbrado Público y Solar,Luminaria LED Solar Alumbrado Público 300 W,"Luminaria LED solar de alumbrado público, 300 W, con panel fotovoltaico, batería y control integrados. Funciona por completo fuera de la red: se instala en el poste y no necesita acometida ni medidor, lo que la vuelve la opción obvia en vías rurales, parques, veredas y zonas donde llevar la red cuesta más que la luminaria. Enciende sola al anochecer y suele traer sensor de movimiento para subir la intensidad al detectar paso. Autonomía de 10 a 15 horas.",300 W,,,,Panel solar + batería. Sin acometida ni medidor.,,Iluminación,,Lexmana
Alumbrado Público y Solar,Brazo para Luminaria de Alumbrado Público,"Brazo metálico galvanizado para montar la luminaria de alumbrado público sobre el poste. Separa la luminaria del poste y la proyecta sobre la vía, que es lo que permite que la luz caiga sobre la calzada y no sobre el andén.",,,,,Galvanizado. Proyecta la luminaria sobre la vía.,,Iluminación,,Lexmana
Alumbrado Público y Solar,Fotocelda para Alumbrado,"Fotocelda (célula fotoeléctrica) para encendido automático del alumbrado. Mide la luz ambiente y cierra el circuito al anochecer, abriéndolo al amanecer. Con ella la luminaria no depende de que alguien la prenda ni de un horario fijo que se desajusta con las estaciones. Se instala en la luminaria o en el tablero de alumbrado.",,,100-240 V,,"Enciende al anochecer, apaga al amanecer, de forma automática.",,Iluminación,,Lexmana
Cintas LED,Cinta LED SMD 2835 Blanca,"Cinta LED SMD 2835 en rollo, con adhesivo en la parte posterior. Se corta cada cierto número de diodos por unas marcas señaladas, así que se ajusta a la longitud exacta del mueble o la moldura. Es la cinta de uso general: iluminación indirecta bajo gabinetes de cocina, tras la cornisa del cielo raso o dentro de vitrinas. Disponible en luz cálida (3000 K), neutra (4000 K) y fría (6500 K). La cálida es amarillenta y hace el espacio acogedor; la fría es blanco-azulada y rinde más para trabajar.",,,100-240 V,,"En rollo, autoadhesiva, cortable. Requiere fuente/driver.",,Iluminación,,Lexmana
Cintas LED,Cinta LED SMD 5050 RGB con Control,"Cinta LED SMD 5050 RGB con control remoto. Cada diodo combina rojo, verde y azul, de modo que produce cualquier color y también secuencias. Se usa en decoración, locales, gaming y eventos. Viene con controlador y fuente.",,,100-240 V,,RGB con control. Incluye controlador y fuente.,,Iluminación,,Lexmana
Cintas LED,Cinta LED COB,"Cinta LED tipo COB: los diodos van tan juntos que la línea de luz se ve continua, sin los puntos separados de las cintas convencionales. Esa diferencia importa cuando la cinta queda a la vista o muy cerca de una superficie, donde los puntos se notarían. Autoadhesiva y cortable.",,,100-240 V,,"Luz continua, sin puntos visibles.",,Iluminación,,Lexmana
Cintas LED,Manguera LED Neón Flexible,"Manguera LED tipo neón flexible. Encapsulada en silicona, difunde la luz de forma pareja e imita el neón tradicional, pero sin gas ni alto voltaje. Se dobla para formar letras, contornos y figuras. Resistente a la intemperie, se usa en fachadas, avisos y decoración exterior.",,,100-240 V,,"Encapsulada, flexible y apta para exteriores.",,Iluminación,,Lexmana
Cintas LED,Fuente / Driver para Cinta LED,"Fuente de alimentación (driver) para cinta LED. Convierte los 120 V de la red a los 12 o 24 V que necesita la cinta. Hay que dimensionarla: se suma la potencia por metro de la cinta, se multiplica por los metros y se deja un 20 % de margen. Una fuente al límite se recalienta y falla.",,,120 V → 12/24 V,,Dimensionar con 20 % de margen sobre la carga.,,Iluminación,,Lexmana
Cintas LED,Perfil de Aluminio para Cinta LED,"Perfil de aluminio con difusor para cinta LED. Cumple dos funciones: el difusor suaviza la luz y oculta los puntos, y el aluminio disipa el calor, lo que alarga bastante la vida de la cinta. Se usa siempre que la cinta quede a la vista.",,,,,Difunde la luz y disipa el calor.,,Iluminación,,Lexmana
Portalámparas y Accesorios,Roseta de Porcelana E27,"Roseta de porcelana con rosca E27 para montaje en techo. La porcelana soporta calor sin deformarse ni volverse quebradiza, por eso sigue siendo la opción confiable frente a la plástica. Se atornilla sobre caja octagonal.",,E27,,,Porcelana. Resiste calor mejor que la plástica.,,Iluminación,,Lexmana
Portalámparas y Accesorios,Roseta Plástica E27,"Roseta plástica con rosca E27 para montaje en techo. Más económica y liviana que la de porcelana, adecuada para bombillería LED, que casi no genera calor. Se atornilla sobre caja octagonal.",,E27,,,Económica. Adecuada para LED (poco calor).,,Iluminación,,Lexmana
Portalámparas y Accesorios,Roseta con Sensor de Movimiento,"Roseta con sensor de movimiento incorporado, rosca E27. Convierte cualquier bombillo común en uno automático: se atornilla la roseta, se enrosca el bombillo y listo. Enciende al detectar paso y apaga sola. Para pasillos, escaleras, garajes y depósitos.",,E27,100-240 V,,Sensor integrado. Funciona con cualquier bombillo E27.,,Iluminación,,Lexmana
Portalámparas y Accesorios,Portalámpara GU10,"Portalámpara GU10 con conexión de bayoneta (se inserta y gira un cuarto de vuelta). Es la base de las balas y spots, y la que permite cambiar el bombillo sin desmontar la luminaria.",,GU10,,,"Base de bayoneta, para balas y spots.",,Iluminación,,Lexmana
Portalámparas y Accesorios,Juego de Sockets T8,Juego de sockets para tubo T8 (par). Son las bases donde se apoyan y conectan los extremos del tubo. Se reemplazan cuando el contacto se quema o se afloja y el tubo empieza a parpadear —falla que suele confundirse con un tubo agotado—.,,,,,Par de bases para tubo T8.,,Iluminación,,Lexmana
Interruptores,Interruptor Sencillo,Interruptor de un módulo. Enciende y apaga un punto de luz desde un solo lugar. Es el interruptor de siempre. Capacidad 10 AX a 250 V. Se empotra en caja 2400 y se sujeta con tornillos a los soportes. Placa en material de alto impacto.,,,250 V,,"10 AX, 250 V. Un polo, un camino.",,Tomas e Interruptores,,"Legrand, Schneider, Leviton, Codelca"
Interruptores,Interruptor Doble,"Interruptor de dos módulos. Dos interruptores independientes en una sola placa: sirve para controlar dos luces distintas desde el mismo punto, por ejemplo la del cuarto y la del clóset. Capacidad 10 AX a 250 V. Se empotra en caja 2400 y se sujeta con tornillos a los soportes. Placa en material de alto impacto.",,,250 V,,"10 AX, 250 V. Un polo, un camino.",,Tomas e Interruptores,,"Legrand, Schneider, Leviton, Codelca"
Interruptores,Interruptor Triple,"Interruptor de tres módulos. Tres interruptores en una sola placa. Se usa donde llegan varios circuitos de luz al mismo punto —sala-comedor, pasillos— y no se quiere llenar el muro de placas. Capacidad 10 AX a 250 V. Se empotra en caja 2400 y se sujeta con tornillos a los soportes. Placa en material de alto impacto.",,,250 V,,"10 AX, 250 V. Un polo, un camino.",,Tomas e Interruptores,,"Legrand, Schneider, Leviton, Codelca"
Interruptores,Interruptor Conmutable Sencillo (Tres Vías),"Interruptor conmutable de un módulo, también llamado de tres vías. Va siempre de a dos: permite prender y apagar la misma luz desde dos sitios distintos. Es el de la escalera o el del pasillo largo —enciende abajo, apaga arriba—. A diferencia del interruptor común, este no tiene posición fija de encendido ni apagado: conmuta. Capacidad 10 AX a 250 V. Se empotra en caja 2400 y se sujeta con tornillos a los soportes. Placa en material de alto impacto.",,,250 V,,"10 AX, 250 V. Conmutable (tres vías).",,Tomas e Interruptores,,"Legrand, Schneider, Leviton, Codelca"
Interruptores,Interruptor Conmutable Doble (Tres Vías),"Interruptor conmutable de dos módulos, también llamado de tres vías. Dos conmutables independientes en una placa, para controlar dos luces desde dos puntos cada una. A diferencia del interruptor común, este no tiene posición fija de encendido ni apagado: conmuta. Capacidad 10 AX a 250 V. Se empotra en caja 2400 y se sujeta con tornillos a los soportes. Placa en material de alto impacto.",,,250 V,,"10 AX, 250 V. Conmutable (tres vías).",,Tomas e Interruptores,,"Legrand, Schneider, Leviton, Codelca"
Interruptores,Interruptor Conmutable Triple (Tres Vías),"Interruptor conmutable de tres módulos, también llamado de tres vías. Tres conmutables en una placa. Se usa en circuitos de iluminación complejos donde varios puntos deben mandar sobre las mismas luces. A diferencia del interruptor común, este no tiene posición fija de encendido ni apagado: conmuta. Capacidad 10 AX a 250 V. Se empotra en caja 2400 y se sujeta con tornillos a los soportes. Placa en material de alto impacto.",,,250 V,,"10 AX, 250 V. Conmutable (tres vías).",,Tomas e Interruptores,,"Legrand, Schneider, Leviton, Codelca"
Interruptores,Interruptor Sobreponer,"Interruptor sencillo de sobreponer. No necesita caja empotrada ni romper el muro: se atornilla directamente sobre la pared o la superficie. Es la solución para ampliar una instalación existente, para muros que no se pueden picar o para zonas de servicio, garajes y bodegas. Fabricado en material de alto impacto. Capacidad 10 A, 250 V.",,,250 V,,De sobreponer. No requiere caja empotrada.,,Tomas e Interruptores,,"Legrand, Schneider, Leviton, Codelca"
Tomacorrientes,Tomacorriente Sencillo (2P),"Tomacorriente sencillo de dos polos, sin polo a tierra. Es la toma más básica, para cargas livianas donde el equipo no requiere tierra. Hoy el RETIE exige polo a tierra en circuitos nuevos, así que esta referencia se usa sobre todo en reposición y mantenimiento de instalaciones antiguas. Tipo americano, 15 A a 127 V. Se empotra en caja 2400.",,,127 V,,"15 A, 127 V. Dos polos, sin tierra.",,Tomas e Interruptores,,"Legrand, Schneider, Leviton, Codelca"
Tomacorrientes,Tomacorriente Doble (2P),"Tomacorriente doble (dúplex) de dos polos, sin polo a tierra. Dos salidas en una sola placa. Igual que la sencilla, aplica para reposición en instalaciones viejas; en obra nueva el RETIE pide la versión con tierra. Tipo americano, 15 A a 127 V. Se empotra en caja 2400.",,,127 V,,"15 A, 127 V. Dos polos, sin tierra.",,Tomas e Interruptores,,"Legrand, Schneider, Leviton, Codelca"
Tomacorrientes,Tomacorriente Doble con Polo a Tierra (2P+T),"Tomacorriente doble con polo a tierra. Es la toma estándar de obra nueva y la que exige el RETIE: el tercer contacto conecta la carcasa del equipo a tierra, de modo que si hay una fuga la corriente se va al suelo y no a la persona. Obligatoria en cocina, baños, zona de lavado y en general en todo circuito nuevo de tomas. Tipo americano, 15 A a 127 V. Se empotra en caja 2400.",,,127 V,,"15 A, 127 V. Con polo a tierra (2P+T). Exigida por RETIE.",,Tomas e Interruptores,,"Legrand, Schneider, Leviton, Codelca"
Tomacorrientes,Tomacorriente Doble con Protección Infantil,"Tomacorriente doble con obturadores de protección infantil. Por dentro tiene unas compuertas que solo se abren si entran los dos pines a la vez: un niño que meta un objeto por una sola ranura no hace contacto. Es la toma para cuartos infantiles, jardines, guarderías y colegios. Tipo americano, 15 A a 127 V. Se empotra en caja 2400.",,,127 V,,"15 A, 127 V. Con obturadores de seguridad infantil.",,Tomas e Interruptores,,"Legrand, Schneider, Leviton, Codelca"
Tomacorrientes,Tomacorriente Doble con Polo a Tierra y GFCI 20 A,"Tomacorriente doble con protección de falla a tierra (GFCI), 20 A a 127 V. El GFCI compara la corriente que sale con la que regresa: si falta aunque sea una fracción —porque se está yendo por una persona— corta en milisegundos. No es lo mismo que el breaker: el breaker protege el cable, el GFCI protege a la gente. El RETIE lo exige en baños, cocinas, zonas de lavado, exteriores y cerca de piscinas. Trae botones de prueba y reposición.",,,127 V,,"20 A, 127 V. Protección de falla a tierra (GFCI). Exigida por RETIE en zonas húmedas.",,Tomas e Interruptores,,"Legrand, Schneider, Leviton, Codelca"
Tomacorrientes,Tomacorriente Doble Tierra Aislada (Naranja),"Tomacorriente doble con polo a tierra aislada, identificado en color naranja. Su tierra no se une a la del tablero por el chasis, sino que va en un conductor propio y separado hasta la barra de tierra aislada. Eso elimina el ruido eléctrico que ensucia la señal. Es la toma de los equipos de cómputo, servidores, equipos médicos y de audio, donde una tierra sucia se traduce en fallas o interferencia. Tipo americano, 15 A a 127 V. Se empotra en caja 2400.",,,127 V,,"15 A, 127 V. Tierra aislada (TA). Color naranja normalizado.",,Tomas e Interruptores,Naranja,"Legrand, Schneider, Leviton, Codelca"
Tomacorrientes,Tomacorriente Doble Hospitalaria,"Tomacorriente doble grado hospitalario, identificado con un punto verde. Está construida con contactos reforzados que sujetan la clavija con más fuerza y resisten miles de conexiones sin aflojarse, porque en un hospital un equipo que se desconecta solo puede costar una vida. La NTC 2050, sección 517, la exige en áreas de atención al paciente. Tipo americano, 15 A a 127 V. Se empotra en caja 2400.",,,127 V,,"15 A, 127 V. Grado hospitalario (punto verde). NTC 2050 sección 517.",,Tomas e Interruptores,,"Legrand, Schneider, Leviton, Codelca"
Tomacorrientes,Tomacorriente Doble Sobreponer,"Tomacorriente doble con polo a tierra, de sobreponer. Se atornilla directo a la pared, sin picar el muro ni instalar caja. Ideal para ampliar puntos en una instalación ya terminada, en bodegas, talleres, garajes y zonas de servicio. Fabricado en material de alto impacto. 15 A, 127 V.",,,127 V,,"15 A, 127 V. De sobreponer.",,Tomas e Interruptores,,"Legrand, Schneider, Leviton, Codelca"
Tomacorrientes,Toma Aérea,"Tomacorriente aéreo con polo a tierra. No se instala en muro: va montado en el extremo de un cable, y es lo que convierte un cable suelto en una extensión. Se usa en talleres, obra y montajes temporales, y en la fabricación de extensiones a la medida. Cuerpo en material resistente al impacto. 15 A, 127 V.",,,127 V,,"15 A, 127 V. Para armar extensiones.",,Tomas e Interruptores,,"Legrand, Schneider, Leviton, Codelca"
Tomacorrientes,Toma Trifásica Incrustar,"Tomacorriente trifásico para empotrar. Recibe las tres fases más neutro y tierra, y alimenta equipos trifásicos —motores, compresores, hornos industriales, máquinas de taller—. La geometría de sus contactos impide conectar una clavija monofásica por error.",,,240 V,,Trifásico. Para carga trifásica de taller e industria.,,Tomas e Interruptores,,"Legrand, Schneider, Leviton, Codelca"
Tomacorrientes,Toma Incrustar NEMA 14-50R,"Tomacorriente NEMA 14-50R para empotrar, 50 A. Configuración de cuatro contactos: dos fases, neutro y tierra, en 120/240 V. Es la toma de las cargas domésticas pesadas —estufas eléctricas, hornos— y hoy también la que se usa para el cargador de vehículo eléctrico. La configuración NEMA es un estándar: el 14-50 solo acepta la clavija 14-50P.",,50 A,120/240 V,,"NEMA 14-50R, 50 A. Estufa, horno o cargador de vehículo eléctrico.",,Tomas e Interruptores,,"Legrand, Schneider, Leviton, Codelca"
Tomacorrientes,Toma Seguridad L14 Incrustar,"Tomacorriente de seguridad tipo giro y traba (twist-lock), configuración L14, para empotrar. La clavija entra y se gira: queda mecánicamente trabada y no se suelta ni con vibración ni con un tirón. Se usa en generadores, equipos móviles y montajes donde una desconexión accidental es inaceptable.",,,125/250 V,,"Twist-lock L14. Traba mecánica, no se desconecta sola.",,Tomas e Interruptores,,"Legrand, Schneider, Leviton, Codelca"
Tomacorrientes,Toma con Polo a Tierra + Interruptor Sencillo,"Combinación de tomacorriente sencillo con polo a tierra e interruptor sencillo en una sola placa. Resuelve el punto donde se necesitan las dos cosas y solo hay una caja: típicamente el baño (luz y toma para la afeitadora o el secador) o la cocina. Toma de 15 A a 127 V, interruptor de 10 AX a 250 V. Se empotra en caja 2400.",,,127/250 V,,Toma 15 A + interruptor 10 AX en una sola placa.,,Tomas e Interruptores,,"Legrand, Schneider, Leviton, Codelca"
Tomacorrientes,Toma Sencilla + Interruptor Sencillo,"Combinación de tomacorriente sencillo de dos polos e interruptor sencillo en una sola placa. Misma idea que la versión con tierra, pero sin polo a tierra: aplica en reposición sobre instalaciones antiguas. Toma de 15 A a 127 V, interruptor de 10 AX a 250 V.",,,127/250 V,,Toma 15 A + interruptor 10 AX. Sin polo a tierra.,,Tomas e Interruptores,,"Legrand, Schneider, Leviton, Codelca"
Pulsadores y Timbres,Pulsador para Timbre Sencillo,"Pulsador para timbre de un módulo, 10 A a 250 V. A diferencia del interruptor, no queda enclavado: solo cierra el circuito mientras se mantiene oprimido y vuelve solo a su posición. Por eso es el del timbre de la puerta, y también el que se usa en circuitos de luz de escalera con temporizador. Se empotra en caja 2400.",,,250 V,,"10 A, 250 V. Contacto momentáneo (no enclava).",,Tomas e Interruptores,,"Legrand, Schneider, Leviton, Codelca"
Pulsadores y Timbres,Pulsador para Timbre Doble,"Pulsador para timbre de dos módulos, 10 A a 250 V. A diferencia del interruptor, no queda enclavado: solo cierra el circuito mientras se mantiene oprimido y vuelve solo a su posición. Por eso es el del timbre de la puerta, y también el que se usa en circuitos de luz de escalera con temporizador. Se empotra en caja 2400.",,,250 V,,"10 A, 250 V. Contacto momentáneo (no enclava).",,Tomas e Interruptores,,"Legrand, Schneider, Leviton, Codelca"
Pulsadores y Timbres,Pulsador para Timbre Triple,"Pulsador para timbre de tres módulos, 10 A a 250 V. A diferencia del interruptor, no queda enclavado: solo cierra el circuito mientras se mantiene oprimido y vuelve solo a su posición. Por eso es el del timbre de la puerta, y también el que se usa en circuitos de luz de escalera con temporizador. Se empotra en caja 2400.",,,250 V,,"10 A, 250 V. Contacto momentáneo (no enclava).",,Tomas e Interruptores,,"Legrand, Schneider, Leviton, Codelca"
Pulsadores y Timbres,Pulsador Timbre Sobreponer,"Pulsador para timbre de sobreponer. Se atornilla directo a la pared o al marco de la puerta, sin caja empotrada. Es la instalación más rápida cuando el timbre se agrega después. Contacto momentáneo, 10 A, 250 V.",,,250 V,,"10 A, 250 V. De sobreponer.",,Tomas e Interruptores,,"Legrand, Schneider, Leviton, Codelca"
Pulsadores y Timbres,Timbre Zumbador (Chicharra),"Timbre zumbador de 120 V, con sonoridad de 60 dB a un metro. Es la chicharra clásica: no reproduce melodías, emite un zumbido continuo mientras se oprime el pulsador. Robusto, sin electrónica que se dañe, y por eso es el que se sigue usando en oficinas, portería y bodegas.",,,120 V,,"120 V, 60 dB a 1 metro.",,Tomas e Interruptores,,"Legrand, Schneider, Leviton, Codelca"
"Voz, Datos y TV",Salida Telefónica RJ11 Sencilla,"Salida telefónica tipo americano RJ11 de un puerto, dos hilos. Es el punto de teléfono fijo de toda la vida. Se empotra en caja 2400 y sigue siendo requerida en obra por norma y por citofonía.",,,,,"RJ11, 2 hilos, un puerto.",,Tomas e Interruptores,,"Legrand, Schneider, Leviton, Codelca"
"Voz, Datos y TV",Salida Telefónica RJ11 Doble,"Salida telefónica tipo americano RJ11 de dos puertos, dos hilos cada uno. Permite dos líneas o dos aparatos en el mismo punto, por ejemplo teléfono y fax, o teléfono y citófono.",,,,,"RJ11, 2 hilos, dos puertos.",,Tomas e Interruptores,,"Legrand, Schneider, Leviton, Codelca"
"Voz, Datos y TV",Salida Coaxial para TV,"Salida con terminal coaxial tipo americano para televisión, 75 ohmios. Es el punto donde llega la señal de TV por cable o de la antena. Los 75 ohmios son la impedancia normalizada del cable coaxial: si no coincide, la señal rebota y la imagen se degrada.",,,,,Coaxial 75 Ω. Punto de TV.,,Tomas e Interruptores,,"Legrand, Schneider, Leviton, Codelca"
"Voz, Datos y TV",Salida Coaxial TV + Telefónica RJ11,"Salida combinada: terminal coaxial de televisión de 75 ohmios más salida telefónica RJ11 de dos hilos, en una sola placa. Resuelve el punto de sala o alcoba donde llegan TV y teléfono y solo hay una caja disponible.",,,,,Coaxial 75 Ω + RJ11 en una placa.,,Tomas e Interruptores,,"Legrand, Schneider, Leviton, Codelca"
"Voz, Datos y TV",Salida Voz y Datos RJ45 Categoría 6,"Salida para voz y datos RJ45 categoría 6. La categoría 6 soporta hasta 1 Gbps y es el estándar mínimo que hoy se instala en obra: cableado estructurado para computador, punto de red, cámaras IP y acceso inalámbrico. Se empotra en caja 2400.",,,,,RJ45 Cat 6. Hasta 1 Gbps.,,Tomas e Interruptores,,"Legrand, Schneider, Leviton, Codelca"
"Voz, Datos y TV",Face Plate 1 Puerto,"Placa (face plate) para un puerto de red. Es la tapa que recibe el jack RJ45 o el módulo de voz y datos y lo deja a ras del muro, con acabado limpio. Se instala sobre caja 2400.",,,,,Placa para un módulo de red.,,Tomas e Interruptores,,"Legrand, Schneider, Leviton, Codelca"
"Voz, Datos y TV",Face Plate 2 Puertos,"Placa (face plate) para dos puertos de red. Permite llevar dos jacks —por ejemplo datos y voz, o dos puntos de datos— al mismo punto de muro.",,,,,Placa para dos módulos de red.,,Tomas e Interruptores,,"Legrand, Schneider, Leviton, Codelca"
Atenuadores (Dimmers),Dimmer Giratorio Sencillo 300 W,"Atenuador de luz (dimmer) giratorio sencillo, 120 V, 300 W. Regula la intensidad de la luz girando la perilla, en vez de solo prender y apagar. Los 300 W son el límite de carga: hay que sumar la potencia de todas las bombillas del circuito y no pasarse. Importante: la bombilla LED debe ser explícitamente dimerizable, si no parpadea o zumba.",300 W,,120 V,,"120 V, 300 W. Requiere bombillería dimerizable.",,Tomas e Interruptores,,"Legrand, Schneider, Leviton, Codelca"
Atenuadores (Dimmers),Dimmer Giratorio Doble 300 W,"Atenuador de luz (dimmer) giratorio doble, 120 V, 300 W por cada dimmer. Dos reguladores independientes en una sola placa, para controlar dos circuitos de luz por separado desde el mismo punto. Requiere bombillería dimerizable.",300 W,,120 V,,"120 V, 300 W por dimmer. Dos circuitos independientes.",,Tomas e Interruptores,,"Legrand, Schneider, Leviton, Codelca"
Placas y Tapas,Placa Ciega,"Placa ciega, sin ningún mecanismo. Se usa para tapar una caja que quedó de reserva o que hoy solo sirve de punto de empalme. Deja el muro con acabado uniforme y —más importante— impide que alguien meta la mano donde hay conductores vivos.",,,,,Tapa caja sin mecanismo.,,Tomas e Interruptores,,"Legrand, Schneider, Leviton, Codelca"
Placas y Tapas,Tapa para Toma Doble,"Tapa (placa) para tomacorriente doble. Es la pieza que va encima del mecanismo y da el acabado. Se cambia por desgaste, por rotura o simplemente para renovar el color sin tocar el tomacorriente.",,,,,Placa de acabado para toma dúplex.,,Tomas e Interruptores,,"Legrand, Schneider, Leviton, Codelca"
Placas y Tapas,Tapa para Toma Trifásica,Tapa (placa) para tomacorriente trifásico. Acabado y protección del mecanismo trifásico empotrado.,,,,,Placa de acabado para toma trifásica.,,Tomas e Interruptores,,"Legrand, Schneider, Leviton, Codelca"
Placas y Tapas,Tapa de Seguridad para Toma,"Tapa de seguridad con obturadores para tomacorriente. Cierra las ranuras cuando la toma no está en uso, de modo que un niño no pueda introducir objetos. Se instala sobre la toma existente, sin cambiar el mecanismo.",,,,,Con obturadores de seguridad infantil.,,Tomas e Interruptores,,"Legrand, Schneider, Leviton, Codelca"
Placas y Tapas,Tapa Intemperie para Toma,"Tapa de intemperie con cubierta abatible para tomacorriente exterior. Protege el mecanismo del agua y el polvo, y permite dejar un equipo conectado con la tapa cerrada sobre el cable. Obligatoria en tomas de patio, terraza, jardín y fachada.",,,,,Cubierta abatible. Para tomas a la intemperie.,,Tomas e Interruptores,,"Legrand, Schneider, Leviton, Codelca"
Clavijas y Extensiones,Clavija Americana (2P),"Clavija tipo americano de dos polos. Es el macho que se conecta al tomacorriente, para armar extensiones o reponer la de un equipo. Sin polo a tierra: solo para cargas livianas.",,,127 V,,"Dos polos, sin tierra.",,Tomas e Interruptores,,"Legrand, Schneider, Leviton, Codelca"
Clavijas y Extensiones,Clavija con Polo a Tierra (2P+T),"Clavija tipo americano con polo a tierra. Es la que corresponde a cualquier equipo con carcasa metálica: herramienta, electrodoméstico, computador. El tercer pin es el que aterriza el chasis y evita el corrientazo.",,,127 V,,Con polo a tierra (2P+T).,,Tomas e Interruptores,,"Legrand, Schneider, Leviton, Codelca"
Clavijas y Extensiones,Clavija de Sobreponer con Seguridad,"Clavija de sobreponer con seguro mecánico. El cuerpo se arma con tornillos alrededor del cable, y el seguro impide que el conductor se zafe con un tirón. Es la clavija de obra y taller, donde el cable recibe maltrato.",,,127 V,,"Cuerpo armable, con retención de cable.",,Tomas e Interruptores,,"Legrand, Schneider, Leviton, Codelca"
Clavijas y Extensiones,Clavija de Seguridad L14-20,"Clavija de seguridad tipo giro y traba (twist-lock), configuración L14-20, 20 A. Entra y se gira hasta quedar trabada: no se suelta con vibración ni con un tropezón. Es la pareja de la toma L14 y se usa en generadores y equipos móviles.",,20 A,125/250 V,,"Twist-lock L14-20, 20 A.",,Tomas e Interruptores,,"Legrand, Schneider, Leviton, Codelca"
Clavijas y Extensiones,Juego Toma y Clavija Industrial,"Juego de tomacorriente y clavija industrial. Ambas piezas van diseñadas para acoplarse entre sí y resistir uso rudo: cuerpo reforzado, retención de cable y contactos que aguantan miles de conexiones. Se usa en talleres, plantas y obra.",,,,,Toma + clavija en conjunto. Uso industrial.,,Tomas e Interruptores,,"Legrand, Schneider, Leviton, Codelca"
Clavijas y Extensiones,Juego Toma y Clavija Intemperie,"Juego de tomacorriente y clavija para intemperie, con empaques y tapa que sellan la conexión contra el agua y el polvo. Es el conjunto para exteriores, patios de maniobra y obra a cielo abierto.",,,,,Toma + clavija selladas. Para exteriores.,,Tomas e Interruptores,,"Legrand, Schneider, Leviton, Codelca"
Clavijas y Extensiones,Extensión Encauchetada con Toma y Clavija,"Extensión armada con cable encauchetado, clavija en un extremo y tomacorriente en el otro. El cable encauchetado es el que aguanta arrastre y pisadas sin pelarse, por eso es el correcto para una extensión de trabajo —no el cable dúplex liviano, que se recalienta con herramienta pesada—.",,,,,"Cable encauchetado. Para uso de trabajo, no doméstico liviano.",,Tomas e Interruptores,,"Legrand, Schneider, Leviton, Codelca"
Multitomas,Multitoma 4 Salidas con Polo a Tierra,"Multitoma de cuatro salidas con polo a tierra, 15 A a 125 V. Convierte una toma en cuatro. Ojo con el límite: las cuatro salidas comparten los mismos 15 A, así que no es para conectar cuatro equipos de alto consumo a la vez.",,,125 V,,"4 salidas, 15 A total compartidos.",,Tomas e Interruptores,,"Legrand, Schneider, Leviton, Codelca"
Multitomas,Multitoma Giratoria 6 Salidas con Polo a Tierra,"Multitoma giratoria de seis salidas con polo a tierra, 15 A, 125 V, 60 Hz. Las salidas rotan, lo que permite acomodar cargadores y adaptadores gruesos sin que se tapen entre sí —el problema clásico de las multitomas rígidas—. Para uso residencial y de oficina.",,,125 V,,"6 salidas giratorias, 15 A total compartidos.",,Tomas e Interruptores,,"Legrand, Schneider, Leviton, Codelca"
Sensores,Sensor de Movimiento de Techo 360°,"Sensor de movimiento infrarrojo de techo, cobertura 360°. Detecta el calor corporal en movimiento y enciende la luz automáticamente, apagándola sola tras un tiempo sin actividad. Al ir en el techo cubre toda la habitación. Se usa en pasillos, baños, bodegas y oficinas, y es una de las formas más sencillas de bajar el consumo: la luz solo prende cuando hay alguien.",,,,,"Infrarrojo pasivo (PIR), cobertura 360°. Montaje en techo.",,Tomas e Interruptores,,"Legrand, Schneider, Leviton, Codelca"
Sensores,Sensor de Movimiento de Pared,"Sensor de movimiento infrarrojo de pared. Cubre el área frente a él en un ángulo amplio y enciende la luz al detectar presencia. Va en el punto del interruptor, así que reemplaza al interruptor existente sin obra adicional. Ideal para pasillos, escaleras y accesos.",,,,,Infrarrojo pasivo (PIR). Reemplaza el interruptor.,,Tomas e Interruptores,,"Legrand, Schneider, Leviton, Codelca"
Sensores,Sensor de Humo,"Detector de humo autónomo. Suena una alarma sonora al detectar partículas de combustión, mucho antes de que el fuego sea visible. Se instala en el techo, que es donde el humo se acumula primero. Es obligatorio en edificaciones según el reglamento de seguridad humana, y en vivienda es la diferencia entre despertarse a tiempo o no despertarse.",,,,,Detector autónomo con alarma sonora. Montaje en techo.,,Tomas e Interruptores,,"Legrand, Schneider, Leviton, Codelca"
Complementos,Plafón E-27,"Plafón (portalámpara) con rosca E-27 y bornes automáticos. Los bornes automáticos son la ventaja: el conductor entra a presión y queda sujeto, sin tornillos ni destornillador, lo que acelera la instalación y evita el falso contacto de un tornillo mal apretado. Sin tornillos a la vista, acabado limpio. Se monta sobre caja octagonal.",,,,,"Rosca E-27. Bornes automáticos, sin tornillos.",,Tomas e Interruptores,,"Legrand, Schneider, Leviton, Codelca"
Complementos,Regleta Plástica de Conexión,"Regleta plástica de conexión con tornillos. Sirve para empalmar conductores dentro de una caja de derivación de forma ordenada y aislada: cada par de hilos entra a su borne y queda apretado, sin cinta ni empalmes torcidos a la vista.",,,,,Empalme atornillado dentro de caja.,,Tomas e Interruptores,,"Legrand, Schneider, Leviton, Codelca"
Complementos,Regleta Plástica de Derivación,"Regleta plástica de derivación. Permite sacar varias salidas desde un mismo conductor de entrada, que es justo lo que se necesita al repartir el neutro o la tierra dentro de una caja o un tablero.",,,,,"Una entrada, varias salidas.",,Tomas e Interruptores,,"Legrand, Schneider, Leviton, Codelca"
Complementos,Adaptador Redondo a Plano,"Adaptador de caja redonda a caja plana. Permite montar un mecanismo rectangular (toma o interruptor) sobre una caja octagonal o redonda ya instalada, sin tener que picar el muro para cambiar la caja. Es la solución de remodelación cuando la caja existente no es la que corresponde.",,,,,Adapta caja octagonal/redonda a mecanismo rectangular.,,Tomas e Interruptores,,"Legrand, Schneider, Leviton, Codelca"
Bandejas Portacables,Bandeja tipo Malla,,,30x5,,,,,"Tubería, Canaletas y Ductos",,
Canaletas,Canaleta Econo,,,"100x45, 20x20, 22x15, 25x25, 32x12, 40x25, 40x40, 60x40, 20x10",,,,,"Tubería, Canaletas y Ductos",,
Canaletas con Adhesivo,Canaleta Econo Adhesiva,,,"20x20, 22x15, 25x25, 32x12, 40x25, 20x10",,,,,"Tubería, Canaletas y Ductos",,
Canaletas,Canaleta Econo con División,,,"40x25, 32x12, 60x40, 40x40",,,,,"Tubería, Canaletas y Ductos",,
Canaletas con Adhesivo,Canaleta Econo con División Adhesiva,,,"40x25, 32x12",,,,,"Tubería, Canaletas y Ductos",,
Bandejas Portacables,Canaleta Malla para Cables,,,,,,,,"Tubería, Canaletas y Ductos",,
Canaletas Metalicas,Canaleta Metálica,,,"12x4, 10x4",,,,,"Tubería, Canaletas y Ductos",,
Canaletas Metalicas,Canaleta Metálica con División,,,8x4,,,,,"Tubería, Canaletas y Ductos",,
Canaletas Ranuradas,Canaleta Ranurada,,,"25x40, 40x25, 40x60, 60x40",,,,,"Tubería, Canaletas y Ductos",,
Canaletas,Canaleta con Adhesivo,,,12x7,,,,,"Tubería, Canaletas y Ductos",,Acme León
Canaletas,Canaleta de Piso,,,70x17,,,,,"Tubería, Canaletas y Ductos",,
Canaletas,Canaleta de Piso S4x14 con Adhesivo,,,,,,,,"Tubería, Canaletas y Ductos",,
Canaletas,Canaleta de Piso S4x14 sin Adhesivo,,,,,,,,"Tubería, Canaletas y Ductos",,
Accesorios EMT,Capacete EMT,,,"3/4"", 2"", 1 1/4""",,,,,"Tubería, Canaletas y Ductos",,
Accesorios EMT,Capacete Universal,,,"1 1/2""",,,,,"Tubería, Canaletas y Ductos",,
Corazas y Accesorios,Conector EMT a Coraza Americana,,,,,,,,"Tubería, Canaletas y Ductos",,
Corazas y Accesorios,Conector Recto Coraza Americana,,,,,,,,"Tubería, Canaletas y Ductos",,
Bandejas Portacables,Conector para Bandeja tipo Malla,,,,,,,,"Tubería, Canaletas y Ductos",Tierra,
Corazas y Accesorios,Coraza Metálica Americana,,,"1/2"", 1"", 2"", 3/4"", 1 1/2""",,,,,"Tubería, Canaletas y Ductos",Negro,Acme León
Corazas y Accesorios,Coraza PVC,,,"1/2""",,,,,"Tubería, Canaletas y Ductos",Verde,
Curvas EMT,Curva EMT Acero,,,"1/2"", 1""",,,,,"Tubería, Canaletas y Ductos",,
Curvas EMT,Curva EMT Aluminio,,,"3/4""",,,,,"Tubería, Canaletas y Ductos",,
Tuberia Galvanizada IMC,Curva Galvanizada IMC,,,"2""",,,Galvanizado,,"Tubería, Canaletas y Ductos",,
Canaletas,Curva Interna Canaleta 100x45,,,100x45,,,,,"Tubería, Canaletas y Ductos",,
Curvas PVC,Curva PVC Conduit,,,"2"", 4"", 1 1/2"", 1 1/4"", 1"", 1/2"", 3/4""",,,,,"Tubería, Canaletas y Ductos",,Plastimec
Curvas PVC,Curva PVC SCH40,,,"2"", 3/4"", 1""",,,,,"Tubería, Canaletas y Ductos",,Pavco
Bandejas Portacables,División para Bandeja tipo Malla,,,3x5,,,,,"Tubería, Canaletas y Ductos",,
Tubos PVC,Ducto PVC,,,"4""",,,,,"Tubería, Canaletas y Ductos",,
Organizadores de Cable,Espiral Organizador de Cable,,,"1/2"", 3/8"", 3/4"", 5/8""",,,,,"Tubería, Canaletas y Ductos","Negro, Blanco",Acme León
Accesorios EMT,Grapa Channel EMT,,,"1/2"", 1"", 3/4""",,,,,"Tubería, Canaletas y Ductos",,
Accesorios EMT,Grapa Metálica Doble Oreja EMT,,,"1"", 1/2"", 3/4""",,,,,"Tubería, Canaletas y Ductos",,
Bandejas Portacables,Grapa para Bandeja tipo Malla,,,,,,,,"Tubería, Canaletas y Ductos",,
Accesorios EMT,Juego de Boquilla EMT,,,"1"", 1 1/4"", 1 1/2"", 3/4"", 2""",,,,,"Tubería, Canaletas y Ductos",,
Bandejas Portacables,Ménsula 20cm Galvanizada,,,,,,Galvanizado,,"Tubería, Canaletas y Ductos",,Cablofil
Accesorios PVC,Soldadura PVC,,,"1/4""",,,,,"Tubería, Canaletas y Ductos",,
Accesorios EMT,Soporte Tensor EMT,,,"1 1/2""",,,,,"Tubería, Canaletas y Ductos",,
Canaletas,Tapa Final Canaleta 100x45,,,100x45,,,,,"Tubería, Canaletas y Ductos",,Acme León
Canaletas Metalicas,Tapa Troquelada Metálica,,,"10x4, 8x4",,,,,"Tubería, Canaletas y Ductos",,
Corazas y Accesorios,Terminal Americano Recto Coraza,,,"1"", 3/4"", 1 1/2""",,,,,"Tubería, Canaletas y Ductos",,
Terminales PVC,Terminal Campana PVC,,,"2"", 4""",,,,,"Tubería, Canaletas y Ductos",,
Accesorios EMT,Terminal EMT Acero,,,"1/2"", 1"", 3/4""",,,,,"Tubería, Canaletas y Ductos",,
Accesorios EMT,Terminal EMT Aluminio,,,"1/2"", 1"", 1 1/4"", 1 1/2"", 2"", 3"", 3/4""",,,,,"Tubería, Canaletas y Ductos",,
Terminales PVC,Terminal PVC Conduit,,,"2"", 1 1/4"", 1/2"", 3/4"", 1""",,,,,"Tubería, Canaletas y Ductos",,Tubosa
Terminales PVC,Terminal PVC SCH40,,,"1"", 3/4""",,,,,"Tubería, Canaletas y Ductos",,
Canaletas Metalicas,Troquel Metálico,,,12x4,,,,,"Tubería, Canaletas y Ductos",,
Tuberia EMT,Tubo EMT,,,"1"", 1/2"", 3/4""",,,,,"Tubería, Canaletas y Ductos",,Fuji
Tuberia Galvanizada IMC,Tubo Galvanizado IMC,,,"1"", 2"", 3/4""",,,Galvanizado,,"Tubería, Canaletas y Ductos",,"Fuji, Colmena"
Tubos PVC,Tubo PVC Conduit,,,"1/2"", 3/4""",,,,,"Tubería, Canaletas y Ductos",,"Plastimec, Tubosa"
Tubos PVC,Tubo PVC SCH40,,,"2"", 3/4"", 1/2"", 1""",,,,,"Tubería, Canaletas y Ductos",,"Plastimec, Pavco"
Canaletas,Unión Canaleta 100x45,,,100x45,,,,,"Tubería, Canaletas y Ductos",,Acme León
Accesorios EMT,Unión EMT Acero,,,"1/2"", 3/4""",,,,,"Tubería, Canaletas y Ductos",,
Accesorios EMT,Unión EMT Aluminio,,,"1/2"", 1 1/4"", 1 1/2"", 3/4""",,,,,"Tubería, Canaletas y Ductos",,
Tuberia Galvanizada IMC,Unión Galvanizada IMC,,,,,,Galvanizado,,"Tubería, Canaletas y Ductos",,
Amarres Plasticos,Amarre Plástico 10cm,,,,,,,,Ferretería y Herrajes,Negro,Schneider
Amarres Plasticos,Amarre Plástico 20cm,,,,,,,,Ferretería y Herrajes,"Blanco, Negro",Schneider
Amarres Plasticos,Amarre Plástico 25cm,,,,,,,,Ferretería y Herrajes,Negro,Schneider
Amarres Plasticos,Amarre Plástico 30cm,,,,,,,,Ferretería y Herrajes,"Negro, Blanco",Schneider
Amarres Plasticos,Amarre Plástico 50cm,,,,,,,,Ferretería y Herrajes,"Negro, Blanco",Schneider
Herrajes y Acometidas,Amarre Preformado Red Compacta 13.2kV,,,,,,,,Ferretería y Herrajes,,
Ferreteria y Fijacion,Arandela Galvanizada,,,"5/8""",,,Galvanizado,,Ferretería y Herrajes,,
Ferreteria y Fijacion,Arandela Zincada,,,"3/8""",,,,,Ferretería y Herrajes,,
Ferreteria y Fijacion,Arandela para Varilla Roscada,,,"3/8""",,,,,Ferretería y Herrajes,,
Amarres Plasticos,Base Autoadhesiva para Amarre (Caja x100),,,,,,,,Ferretería y Herrajes,,Schneider
Ferreteria y Fijacion,Broca para Muro,,,"1/4""",,,,,Ferretería y Herrajes,,
Ferreteria y Fijacion,Chazo Mariposa Drywall,,,"1/4""",,,,,Ferretería y Herrajes,,
Ferreteria y Fijacion,Chazo Metálico RL,,,"3/8"", 1/4""",,,,,Ferretería y Herrajes,,
Ferreteria y Fijacion,Chazo Puntilla,,,"1/4""",,,,,Ferretería y Herrajes,,
Ferreteria y Fijacion,Chazo Supra Colapsible con Tornillo,,,"1/4""",,,,,Ferretería y Herrajes,,
Ferreteria y Fijacion,Chazo con Tornillo,,,"1/4""",,,,,Ferretería y Herrajes,,
Cintas y Adhesivos,Cinta Aislante Scotch Super 33+ (3M),,,,,,,,Ferretería y Herrajes,,3M
Cintas y Adhesivos,Cinta Aislante Vinilo (Temflex),,,,,,,,Ferretería y Herrajes,"Amarillo, Azul, Blanco, Naranja, Rojo, Verde","Temflex, 3M"
Cintas y Adhesivos,Cinta Autofundente Scotch 23 (3M),,,,,,,,Ferretería y Herrajes,,3M
Cintas y Adhesivos,Cinta Doble Faz,,,,,,,,Ferretería y Herrajes,,Schneider
Cintas y Adhesivos,Cinta de Mastique,,,,,,Cinta autofundente para sellado y empalme,,Ferretería y Herrajes,Negro,
Herrajes y Acometidas,Collarín 200mm,,,,,,,,Ferretería y Herrajes,,
Ferreteria y Fijacion,Espárrago Galvanizado,,,8x8,,,Galvanizado,,Ferretería y Herrajes,,
Herrajes y Acometidas,Grapa Tensora Antifraude Grande,,,,,,,,Ferretería y Herrajes,,
Herrajes y Acometidas,Grapa de Retención,,,,,,,,Ferretería y Herrajes,,
Herrajes y Acometidas,Grapa de Suspensión,,,,,,,,Ferretería y Herrajes,,
Herrajes y Acometidas,Guaya Acerada,,,"1/8""",,,,,Ferretería y Herrajes,,
Herrajes y Acometidas,L Tensora Metálica,,,,,,,,Ferretería y Herrajes,,
Herrajes y Acometidas,L Tensora con Grapa,,,,,,,,Ferretería y Herrajes,,
Ferreteria y Fijacion,Manguera para Compresor,,,"5/16""",,,,,Ferretería y Herrajes,,
Herrajes y Acometidas,Perro Galvanizado,,,"1/4"", 1/8""",,,Galvanizado,,Ferretería y Herrajes,,
Ferreteria y Fijacion,Prensaestopa,,,"1/2""",,,,,Ferretería y Herrajes,,
Herrajes y Acometidas,Retenida,,,"1/4""",,,,,Ferretería y Herrajes,,
Ferreteria y Fijacion,Riel Channel Perforado 2x4,,,3 m,,,,,Ferretería y Herrajes,,
Ferreteria y Fijacion,Riel Omega (DIN),,,,,,,,Ferretería y Herrajes,,
Herrajes y Acometidas,Separador Espaciador,,15KVA,,,,,,Ferretería y Herrajes,,
Cintas y Adhesivos,Silicona Líquida,,,,,,,,Ferretería y Herrajes,,
Ferreteria y Fijacion,Sonda Pasacables (Pescacable) 30m,,,16x30,,,,,Ferretería y Herrajes,,
Herrajes y Acometidas,Soporte Red Compacta 13.2kV,,,,,,,,Ferretería y Herrajes,,
Herrajes y Acometidas,Tensor Acometida tipo 1,,,,,,,,Ferretería y Herrajes,,
Herrajes y Acometidas,Tensor Acometida tipo 2,,,,,,,,Ferretería y Herrajes,,
Ferreteria y Fijacion,Tornillo Autoperforante,,,"1/8"", 3/4""",,,,,Ferretería y Herrajes,,
Ferreteria y Fijacion,Tornillo Autoperforante Hexagonal,,,4x1,,,,,Ferretería y Herrajes,,
Ferreteria y Fijacion,Tornillo Cabeza Lenteja,,,,,,,,Ferretería y Herrajes,,
Ferreteria y Fijacion,Tornillo Drywall,,,"6x1, 1/2"", 1/4""",,,,,Ferretería y Herrajes,,
Ferreteria y Fijacion,Tornillo Hexagonal Grado 8,,,"3/8""",,,,,Ferretería y Herrajes,,
Ferreteria y Fijacion,Tornillo con Tuerca,,,"3/8""",,,,,Ferretería y Herrajes,,
Ferreteria y Fijacion,Tuerca para Varilla Roscada,,,"1/4"", 3/8""",,,,,Ferretería y Herrajes,,
Ferreteria y Fijacion,Unión para Varilla Roscada,,,"3/8""",,,,,Ferretería y Herrajes,,
Ferreteria y Fijacion,Varilla Roscada,,,"1/4"", 3/8""",,,,,Ferretería y Herrajes,,
Herrajes y Acometidas,Vigueta de Concreto Rectangular,,,,,,,,Ferretería y Herrajes,,
Ferreteria y Fijacion,Válvula de Aire Compacta,,,,,,,,Ferretería y Herrajes,,
Medidores,Medidor Bifásico Digital 15(100) A,"Medidor de energía bifásico de tres hilos (dos fases y neutro), digital, corriente base 15 A y máxima 100 A. Se instala donde la acometida llega en 120/240 V, es decir, donde hay cargas de 240 V. Clase de exactitud 1,0, pantalla LCD, salida de pulsos y detección de fraude. Cumple NTC 4052 y RETIE.",,,120/240 V,,Medidor bifásico de energía activa. Homologado y certificado RETIE.,,Medición,,"Elster, Landis+Gyr, Nansen"
Medidores,Medidor Monofásico Digital 10(100) A,"Medidor de energía monofásico de dos hilos, digital, corriente base 10 A y máxima 100 A. Es el mismo principio del 5(60) pero para cargas más altas: vivienda grande o local comercial pequeño. Pantalla LCD y sistema antifraude. Cumple NTC 4052 y RETIE.",,,120 V,,Medidor monofásico de energía activa. Homologado y certificado RETIE.,,Medición,,"Elster, Landis+Gyr, Nansen"
Medidores,Medidor Monofásico Digital 5(60) A,"Medidor de energía monofásico de dos hilos (fase y neutro), digital, corriente base 5 A y máxima 60 A. Registra el consumo en kWh con clase de exactitud 1,0. Es el medidor de la casa común: pantalla LCD, salida de pulsos y sello antifraude. Va en acometidas de 120 V. Cumple NTC 4052 y RETIE.",,,120 V,,Medidor monofásico de energía activa. Homologado y certificado RETIE.,,Medición,,"Elster, Landis+Gyr, Nansen"
Medidores,Medidor Trifásico Digital 15(100) A,"Medidor de energía trifásico de cuatro hilos (tres fases y neutro), digital, corriente base 15 A y máxima 100 A. Mide energía activa en kWh y, según el modelo, también reactiva en kVArh —lo que importa cuando hay motores, porque el operador de red cobra el bajo factor de potencia—. Clase 1,0, con memoria y puerto para telemedida. Va en acometidas comerciales e industriales de 208/120 V. Cumple NTC 4052 y RETIE.",,,208/120 V,,Medidor trifásico de energía activa. Homologado y certificado RETIE.,,Medición,,"Elster, Landis+Gyr, Nansen"
Medidores,Medidor Trifásico Digital Multifunción con Transformadores de Corriente,"Medidor trifásico multifunción de cuatro hilos, para conexión indirecta a través de transformadores de corriente (TC). Se usa cuando la carga es tan alta que la corriente no puede pasar directo por el medidor: los TC la reducen a una escala medible. Registra energía activa y reactiva, demanda máxima, factor de potencia y perfil de carga, con clase de exactitud 0,5 S. Trae puerto óptico y de comunicaciones para telemedida. Es el medidor del usuario industrial. Cumple NTC 4052 y RETIE.",,,208/120 V,,Medidor trifásico de energía activa. Homologado y certificado RETIE.,,Medición,,"Elster, Landis+Gyr, Nansen"
